job_title,years_experience,education_required,industry,Predicted_Salary
Data Engineer,6,Master,Energy,142250.29674079773
AI Consultant,4,Bachelor,Manufacturing,87607.3266908261
AI Software Engineer,14,Bachelor,Real Estate,171066.62421256426
AI Consultant,14,Master,Technology,188107.7223597759
AI Product Manager,17,Associate,Real Estate,216936.29321007698
AI Specialist,4,Associate,Automotive,73961.16320486198
AI Product Manager,11,Bachelor,Finance,173390.07477890345
Research Scientist,12,Master,Healthcare,216248.9334362991
Computer Vision Engineer,2,Bachelor,Healthcare,80421.13712914154
AI Research Scientist,13,Bachelor,Retail,173974.05510627799
Head of AI,17,Master,Telecommunications,168818.379854006
Data Engineer,9,PhD,Healthcare,113346.54829647276
AI Specialist,16,Bachelor,Manufacturing,190449.03229718815
Data Scientist,18,Associate,Technology,186873.29144706205
Research Scientist,10,Associate,Technology,191331.58921979548
Deep Learning Engineer,5,Associate,Technology,110953.18641034474
Data Scientist,18,Bachelor,Consulting,184713.58714418224
Deep Learning Engineer,0,PhD,Technology,64452.24611433517
Data Scientist,4,PhD,Consulting,100674.6559865814
AI Research Scientist,1,PhD,Telecommunications,57525.02720304584
AI Product Manager,3,Associate,Healthcare,80132.53079438646
Robotics Engineer,4,Associate,Transportation,79618.29023523317
NLP Engineer,0,Associate,Retail,57778.41589836378
AI Architect,9,Bachelor,Healthcare,143014.35562318173
Head of AI,3,PhD,Automotive,88058.35162860942
Autonomous Systems Engineer,3,Master,Technology,88620.72331240156
Data Scientist,1,Master,Healthcare,74334.82548184326
AI Product Manager,3,Master,Automotive,102843.7836985673
Data Analyst,1,PhD,Healthcare,56466.221392656415
ML Ops Engineer,6,Bachelor,Telecommunications,110604.95807212942
Machine Learning Engineer,11,Master,Media,171493.84266518283
AI Software Engineer,11,Master,Technology,172049.45061195054
AI Architect,6,PhD,Real Estate,141945.67230865033
Machine Learning Engineer,6,Associate,Government,139858.15865034558
AI Research Scientist,0,Associate,Retail,62247.67788580225
AI Consultant,3,PhD,Finance,78971.23780002113
AI Consultant,19,Bachelor,Energy,207394.4102454742
Data Scientist,0,Associate,Automotive,74760.54233565048
Machine Learning Engineer,1,Associate,Real Estate,74030.1600156
AI Software Engineer,1,Master,Retail,57602.30474866301
Head of AI,8,PhD,Education,140341.14349274663
Robotics Engineer,11,Bachelor,Finance,173088.78548312566
Deep Learning Engineer,0,Associate,Media,56092.24211341364
Autonomous Systems Engineer,7,PhD,Telecommunications,120157.86351341831
Data Scientist,17,Master,Technology,185900.51598835882
AI Architect,10,PhD,Healthcare,189812.42554814913
AI Research Scientist,3,Bachelor,Media,78909.31451132151
Principal Data Scientist,11,Master,Gaming,220340.5183246063
Data Scientist,6,PhD,Energy,111017.18394310997
Research Scientist,3,Associate,Gaming,79388.8411315942
Machine Learning Researcher,17,PhD,Media,170953.1576241023
Computer Vision Engineer,2,PhD,Telecommunications,79681.99917629956
ML Ops Engineer,1,Associate,Real Estate,57188.43781115072
Principal Data Scientist,12,Associate,Telecommunications,188772.91268655006
Data Scientist,3,Associate,Finance,99867.59559180572
Principal Data Scientist,6,PhD,Consulting,140799.1741081377
AI Software Engineer,5,Master,Healthcare,141792.41644487175
AI Software Engineer,3,Master,Energy,102262.54896125656
Robotics Engineer,9,Associate,Real Estate,142175.1607058904
Deep Learning Engineer,6,Bachelor,Media,141395.72686001853
Data Scientist,12,Bachelor,Healthcare,216558.3116845446
NLP Engineer,11,Master,Media,171749.80022142894
Head of AI,13,PhD,Automotive,189383.4294223671
Head of AI,16,Bachelor,Energy,218248.22573226655
AI Product Manager,4,PhD,Consulting,88313.14712285357
AI Architect,0,Associate,Manufacturing,57303.589739309915
Data Analyst,2,Associate,Retail,100399.5048307663
Autonomous Systems Engineer,15,Associate,Government,184293.6401160135
Data Analyst,4,PhD,Education,86525.55092580886
Computer Vision Engineer,0,Master,Manufacturing,56979.55325226121
AI Specialist,2,Master,Finance,87218.23613033771
Data Engineer,0,Associate,Finance,73600.50154095222
Data Engineer,3,Bachelor,Technology,81339.6108569526
Computer Vision Engineer,1,Master,Consulting,64218.473894450435
NLP Engineer,10,Master,Transportation,170902.44191130204
AI Research Scientist,16,PhD,Telecommunications,215268.92274811817
AI Product Manager,5,Associate,Gaming,111643.9004006235
AI Consultant,1,Associate,Consulting,63166.34284167846
Deep Learning Engineer,6,Master,Media,121014.95618151546
Machine Learning Researcher,17,Associate,Telecommunications,209551.56117007
AI Specialist,11,PhD,Manufacturing,172490.0418840547
ML Ops Engineer,6,Bachelor,Government,141397.5541524915
Computer Vision Engineer,0,Bachelor,Government,74318.78964295189
Machine Learning Engineer,3,Master,Manufacturing,87822.30111262365
Data Scientist,0,Associate,Healthcare,63814.87804630072
AI Architect,8,PhD,Technology,111196.31846865216
AI Product Manager,8,Associate,Transportation,124240.68525103104
ML Ops Engineer,11,PhD,Education,187168.96096005524
AI Software Engineer,15,Associate,Energy,215389.3862886375
Machine Learning Engineer,15,Bachelor,Energy,171468.38008316187
Head of AI,6,Associate,Automotive,121512.85299834415
Machine Learning Engineer,10,Bachelor,Transportation,170773.97575047094
Machine Learning Engineer,0,Bachelor,Real Estate,63442.41587250804
AI Research Scientist,1,Master,Government,57041.42462163818
Principal Data Scientist,0,PhD,Transportation,64346.85206221456
Machine Learning Engineer,13,Bachelor,Transportation,219161.41723614957
ML Ops Engineer,19,PhD,Real Estate,220629.95181951195
Data Engineer,6,PhD,Healthcare,142159.7834697619
Computer Vision Engineer,0,PhD,Telecommunications,74638.10077256312
Data Analyst,2,Bachelor,Real Estate,98687.3645700734
NLP Engineer,6,Associate,Energy,121300.92359387907
Machine Learning Engineer,2,Bachelor,Finance,88089.21766664035
AI Consultant,8,PhD,Retail,116299.64359694518
Deep Learning Engineer,2,Master,Energy,101192.68328155481
Machine Learning Engineer,1,Master,Retail,57083.42379159044
AI Research Scientist,6,Master,Gaming,143848.67829152299
AI Specialist,15,Master,Finance,170604.15094394312
Head of AI,0,Master,Media,74092.67405572644
Machine Learning Researcher,11,Associate,Education,188373.80549691315
AI Research Scientist,17,Associate,Finance,171414.97571579277
Data Analyst,2,PhD,Real Estate,77747.82032562591
Robotics Engineer,6,Bachelor,Manufacturing,111559.58402659936
Principal Data Scientist,1,Master,Media,55663.619483270406
Autonomous Systems Engineer,7,Bachelor,Healthcare,121338.30616516442
AI Software Engineer,7,PhD,Automotive,142283.3052943691
AI Software Engineer,6,Associate,Government,120783.61759078773
Machine Learning Researcher,11,Associate,Media,173080.25221566772
AI Consultant,0,Master,Media,72576.6783430366
Head of AI,7,Master,Technology,141703.72774278943
ML Ops Engineer,0,PhD,Education,64598.62424785928
Deep Learning Engineer,3,Bachelor,Media,100902.67724898888
AI Consultant,3,Associate,Education,79053.91634848759
Deep Learning Engineer,8,PhD,Gaming,124850.55195889575
Computer Vision Engineer,12,Associate,Gaming,219478.99813326215
NLP Engineer,0,Master,Retail,57339.29477396241
Robotics Engineer,0,PhD,Energy,56916.95425749357
Data Analyst,0,Associate,Government,56791.915349713054
Data Scientist,3,Bachelor,Media,79181.11535837282
Principal Data Scientist,3,Master,Real Estate,101089.22578267203
Data Scientist,17,Bachelor,Finance,183694.49099336693
Data Engineer,10,PhD,Telecommunications,213525.0295099615
AI Software Engineer,13,PhD,Technology,172104.83354460602
Data Engineer,1,Associate,Real Estate,75602.3470510755
Machine Learning Researcher,1,Bachelor,Retail,57745.729935279254
Autonomous Systems Engineer,0,PhD,Energy,74778.44896609886
NLP Engineer,1,Bachelor,Technology,74947.77585141343
AI Architect,9,Master,Manufacturing,142394.1127937865
NLP Engineer,0,Associate,Consulting,63904.10479986469
AI Architect,18,Associate,Retail,220579.03084780596
Data Scientist,13,Associate,Media,173246.97382563443
Autonomous Systems Engineer,10,PhD,Consulting,187220.04341219418
Research Scientist,19,PhD,Manufacturing,220267.88391921704
Machine Learning Engineer,3,PhD,Gaming,87058.51485773684
AI Architect,2,Bachelor,Transportation,88829.98136349519
AI Consultant,6,Associate,Education,138416.4707639157
Research Scientist,8,PhD,Transportation,113091.01573972234
AI Product Manager,9,PhD,Manufacturing,122570.91200328681
ML Ops Engineer,10,Master,Telecommunications,186739.9526381212
Data Scientist,7,Associate,Consulting,120986.60478546715
ML Ops Engineer,4,Bachelor,Media,88318.09259114697
Robotics Engineer,18,Associate,Telecommunications,170486.67951540288
Research Scientist,3,Associate,Finance,88762.95624355355
Data Engineer,7,Master,Technology,112705.53407305405
Head of AI,3,Associate,Retail,80471.27829714681
Data Scientist,4,Bachelor,Technology,79638.3621496356
Principal Data Scientist,0,PhD,Gaming,57002.165969781585
AI Software Engineer,2,PhD,Gaming,78415.38285594499
Data Engineer,13,Master,Finance,171389.4664204105
AI Consultant,0,PhD,Automotive,63346.08012932773
Data Engineer,5,PhD,Healthcare,142311.10826354736
Data Analyst,4,Master,Finance,99114.03140942253
Data Engineer,3,Master,Finance,87515.4383871346
Machine Learning Engineer,4,Associate,Government,79710.32605993211
Autonomous Systems Engineer,4,Associate,Telecommunications,79239.18238729783
AI Software Engineer,0,Master,Automotive,57280.62980864907
ML Ops Engineer,14,Associate,Healthcare,188261.17827641056
Computer Vision Engineer,6,Master,Retail,142262.15074650798
Computer Vision Engineer,0,PhD,Consulting,57462.849802215605
Machine Learning Researcher,0,Bachelor,Healthcare,63738.127038171326
Principal Data Scientist,8,PhD,Real Estate,141496.04593416033
AI Research Scientist,8,Bachelor,Retail,111567.43461852052
AI Product Manager,0,Master,Technology,64223.21546906927
Deep Learning Engineer,14,Bachelor,Gaming,223957.836462885
ML Ops Engineer,19,Bachelor,Energy,167970.56688334534
ML Ops Engineer,4,Bachelor,Government,101194.51057402778
AI Specialist,3,Associate,Transportation,78228.42774185794
AI Product Manager,19,Bachelor,Energy,188628.01033021382
Machine Learning Engineer,15,Associate,Government,218058.8162444823
AI Consultant,4,Associate,Government,99581.86577101753
AI Architect,1,Associate,Energy,63749.29198196322
AI Software Engineer,0,PhD,Technology,57888.49574260845
Data Scientist,0,Bachelor,Finance,73088.52375105023
Data Analyst,2,Master,Finance,78629.02803006765
Research Scientist,4,PhD,Energy,88257.2093342609
AI Consultant,4,Associate,Media,78248.29153425554
ML Ops Engineer,6,Associate,Technology,141915.53267371707
NLP Engineer,1,Associate,Finance,57827.710828172436
Research Scientist,4,Master,Manufacturing,101509.90772952932
AI Software Engineer,5,Bachelor,Finance,111337.53241565078
AI Consultant,4,Master,Technology,79068.88329997129
Research Scientist,10,Associate,Real Estate,189123.39006325498
AI Research Scientist,2,Bachelor,Consulting,101128.6828432765
AI Specialist,2,PhD,Media,86645.39965668498
Data Scientist,0,Associate,Energy,63045.45433782463
Data Engineer,3,PhD,Retail,80613.01464022667
Autonomous Systems Engineer,6,Bachelor,Manufacturing,141286.89776465227
ML Ops Engineer,2,Associate,Healthcare,79831.24149860867
NLP Engineer,19,Bachelor,Media,217154.12912362782
Robotics Engineer,1,Associate,Media,56382.81299691866
Robotics Engineer,0,PhD,Telecommunications,57262.01722834524
Machine Learning Researcher,5,Bachelor,Transportation,121895.66547202884
ML Ops Engineer,17,Master,Real Estate,169237.27057972096
Data Analyst,1,Master,Consulting,62804.96809955742
Machine Learning Researcher,14,PhD,Technology,193541.49978114563
AI Research Scientist,0,Bachelor,Energy,63361.04835780078
Autonomous Systems Engineer,9,Bachelor,Telecommunications,111483.6185890268
AI Specialist,1,Bachelor,Education,55895.22440809592
AI Software Engineer,3,PhD,Consulting,78896.33866974499
Data Scientist,1,PhD,Real Estate,74788.61496064282
Robotics Engineer,2,PhD,Manufacturing,88058.35162860942
Robotics Engineer,15,Associate,Energy,217813.90474068388
AI Research Scientist,8,Associate,Education,121877.3381507789
Head of AI,14,Associate,Government,174077.15654389825
NLP Engineer,4,Associate,Telecommunications,88803.8634997346
AI Consultant,1,Bachelor,Gaming,62911.75429429063
Machine Learning Engineer,18,PhD,Gaming,188427.30464852738
Robotics Engineer,2,PhD,Telecommunications,88350.76559495152
Robotics Engineer,0,Bachelor,Transportation,74382.68008829239
AI Consultant,7,Master,Manufacturing,109770.12510592927
AI Consultant,2,PhD,Consulting,86927.86151963085
AI Research Scientist,3,Associate,Retail,86725.30444323832
Data Analyst,0,PhD,Consulting,72814.9869065868
AI Research Scientist,2,Bachelor,Retail,99472.25592921406
Head of AI,9,Master,Telecommunications,139873.23957561213
AI Consultant,0,PhD,Real Estate,56236.05413856133
Research Scientist,12,Associate,Healthcare,216869.17626569432
Computer Vision Engineer,4,PhD,Manufacturing,88279.97821219086
Data Engineer,0,PhD,Manufacturing,76058.9508821911
ML Ops Engineer,1,Master,Healthcare,56962.26795012485
Data Engineer,8,Associate,Gaming,144024.10720392354
AI Specialist,15,Associate,Media,169933.8480206785
AI Product Manager,6,Associate,Technology,122766.94783460004
AI Consultant,0,Master,Real Estate,62693.608342677086
AI Software Engineer,14,PhD,Automotive,220777.9024643099
Principal Data Scientist,1,Bachelor,Consulting,57798.60542304958
Machine Learning Engineer,16,Associate,Healthcare,187400.63577703707
Autonomous Systems Engineer,4,Associate,Technology,88790.99077609784
Machine Learning Researcher,4,Bachelor,Government,88151.86315026687
Deep Learning Engineer,2,Associate,Finance,88492.27420150815
Robotics Engineer,10,Master,Media,187984.723969682
Principal Data Scientist,1,PhD,Gaming,57265.17594448218
AI Software Engineer,8,Bachelor,Energy,122563.40412397918
AI Product Manager,5,PhD,Gaming,143641.7903565034
Machine Learning Engineer,6,Bachelor,Retail,140818.04581985384
Deep Learning Engineer,0,Bachelor,Media,74026.95631791296
Data Analyst,1,Master,Media,72294.74430931742
ML Ops Engineer,1,Bachelor,Finance,64393.48204097747
Robotics Engineer,0,Bachelor,Gaming,74046.94182886812
Robotics Engineer,0,Bachelor,Telecommunications,65176.24027661376
Machine Learning Engineer,7,PhD,Real Estate,109142.12224298646
Data Scientist,8,Associate,Transportation,113465.85753803606
AI Software Engineer,0,Bachelor,Manufacturing,64924.79516287719
Deep Learning Engineer,0,Bachelor,Gaming,63630.34092059248
Deep Learning Engineer,2,Master,Manufacturing,100961.30574599159
AI Consultant,2,Associate,Real Estate,99645.75621635802
AI Research Scientist,3,Bachelor,Healthcare,79927.89058892908
Research Scientist,7,Bachelor,Manufacturing,141712.95130799303
Data Scientist,3,PhD,Education,100804.37416267316
Principal Data Scientist,4,Master,Media,78457.22110801566
Computer Vision Engineer,13,Bachelor,Real Estate,190553.41924686581
Computer Vision Engineer,14,Master,Automotive,172088.01359517119
AI Product Manager,16,Bachelor,Finance,190074.79722876655
Head of AI,4,PhD,Manufacturing,88058.35162860942
Autonomous Systems Engineer,9,Bachelor,Consulting,112260.65943636723
AI Architect,3,Associate,Government,80686.00359570119
ML Ops Engineer,3,Associate,Consulting,88381.73135730074
Computer Vision Engineer,4,PhD,Healthcare,101115.23874382288
AI Research Scientist,7,PhD,Consulting,110620.44699343875
Machine Learning Engineer,8,PhD,Gaming,113149.30281934328
AI Research Scientist,9,Associate,Telecommunications,122401.76220297969
Machine Learning Researcher,0,Associate,Government,73829.79552452594
Data Analyst,0,Associate,Technology,62966.51314864986
AI Specialist,3,Associate,Transportation,78228.42774185794
AI Software Engineer,10,PhD,Retail,170861.87078724278
Autonomous Systems Engineer,10,Master,Real Estate,170230.9200970246
NLP Engineer,1,Associate,Telecommunications,58234.20602148761
Principal Data Scientist,5,Master,Gaming,123039.7132538326
Data Scientist,4,Bachelor,Finance,87148.37033531186
Autonomous Systems Engineer,8,PhD,Consulting,121788.83854976049
Deep Learning Engineer,5,Master,Retail,143213.62263827244
Machine Learning Researcher,6,PhD,Healthcare,121194.59368313986
NLP Engineer,8,Associate,Healthcare,142259.45103910097
ML Ops Engineer,7,Associate,Transportation,121512.85299834415
Data Analyst,7,Bachelor,Automotive,110580.24091917653
AI Consultant,8,Associate,Energy,111540.30796916697
AI Consultant,1,Master,Automotive,73915.07026913136
Machine Learning Researcher,6,Associate,Finance,142162.2288113117
AI Consultant,12,Bachelor,Energy,186574.7531821822
Computer Vision Engineer,0,PhD,Education,57714.62198786033
ML Ops Engineer,7,PhD,Telecommunications,110379.14137485327
AI Specialist,5,Master,Retail,110470.13095581016
Data Analyst,4,Master,Manufacturing,98856.53980676965
AI Research Scientist,11,PhD,Manufacturing,223516.88339197397
Deep Learning Engineer,5,Bachelor,Retail,123311.5734447137
ML Ops Engineer,18,Bachelor,Gaming,215983.90307039197
Research Scientist,17,Bachelor,Government,170310.6229423562
ML Ops Engineer,1,Master,Media,55943.691872517295
Principal Data Scientist,3,PhD,Telecommunications,80066.02035832836
Computer Vision Engineer,2,Bachelor,Retail,102111.38908128193
NLP Engineer,19,Bachelor,Retail,220354.6616818296
AI Product Manager,12,Master,Real Estate,189967.5491592317
AI Software Engineer,16,Associate,Transportation,169446.41351905986
Head of AI,6,Associate,Energy,111347.65462213426
AI Specialist,4,Associate,Transportation,78228.42774185794
Computer Vision Engineer,0,Associate,Consulting,57418.67437666258
AI Software Engineer,15,Bachelor,Transportation,215442.03529314706
NLP Engineer,4,Bachelor,Gaming,100922.66275994401
AI Specialist,8,PhD,Telecommunications,110125.63122783926
Head of AI,12,Bachelor,Gaming,173474.86106151607
Head of AI,5,Master,Healthcare,121185.4563071853
AI Consultant,16,Master,Energy,207596.2653315352
NLP Engineer,8,Associate,Education,128200.00967942073
Research Scientist,0,Bachelor,Energy,74024.04348993287
Data Analyst,1,PhD,Real Estate,73038.53982068291
Computer Vision Engineer,6,Master,Consulting,110903.27743452552
Data Analyst,1,Associate,Finance,72745.59285421585
Principal Data Scientist,2,Master,Healthcare,80269.38809644856
Robotics Engineer,15,Master,Transportation,188371.39637249775
AI Architect,15,Associate,Telecommunications,216637.05688923394
Machine Learning Engineer,3,PhD,Media,87249.46463897094
Head of AI,9,Bachelor,Technology,142629.24878177544
Data Engineer,6,Associate,Manufacturing,112730.1674821133
Machine Learning Engineer,7,Associate,Telecommunications,108949.04821454764
Machine Learning Engineer,3,Bachelor,Government,88141.84157673572
Robotics Engineer,5,PhD,Media,110813.85736574151
AI Research Scientist,2,Master,Telecommunications,79471.58307717388
AI Product Manager,12,Master,Finance,172841.12876923376
AI Specialist,1,Bachelor,Technology,65790.3980171746
Data Engineer,18,Bachelor,Government,180661.8798930985
Data Engineer,0,Master,Consulting,64904.42079168234
Computer Vision Engineer,7,PhD,Healthcare,111010.98336394374
AI Specialist,7,Master,Government,119490.69615512753
ML Ops Engineer,0,Associate,Retail,64886.81103787012
Machine Learning Researcher,1,Associate,Gaming,56315.136969245155
Head of AI,2,Associate,Automotive,79618.29023523317
Autonomous Systems Engineer,8,Master,Real Estate,122378.97227406854
Robotics Engineer,18,PhD,Healthcare,217488.81890642605
Deep Learning Engineer,6,Master,Finance,141441.4135317438
NLP Engineer,18,Master,Retail,218885.5269098037
NLP Engineer,0,Master,Consulting,56486.30671204875
AI Specialist,0,Associate,Retail,56388.55340498857
AI Architect,3,PhD,Government,78911.98617363742
AI Specialist,6,Master,Consulting,119247.28331724675
Machine Learning Engineer,8,Associate,Finance,140861.03278417207
AI Consultant,3,Master,Energy,99689.75630216887
AI Software Engineer,2,Master,Gaming,78698.21329703179
Deep Learning Engineer,1,Associate,Media,74193.31720229317
AI Consultant,3,PhD,Government,78125.72954710959
Machine Learning Researcher,1,PhD,Energy,74482.52461049313
Robotics Engineer,2,Master,Energy,88129.25266523112
Data Scientist,2,PhD,Retail,101259.5174896157
Research Scientist,0,PhD,Gaming,64117.4029585756
AI Consultant,0,Master,Transportation,72866.68437560255
AI Architect,1,Associate,Manufacturing,64518.71569043931
Deep Learning Engineer,5,Bachelor,Healthcare,111548.99471541609
AI Software Engineer,0,Bachelor,Education,76233.80013129054
Machine Learning Researcher,0,PhD,Technology,63737.94028273346
Principal Data Scientist,14,Master,Retail,176987.12880351907
Machine Learning Engineer,6,Master,Healthcare,109637.90394744877
NLP Engineer,3,Associate,Media,78812.6654210011
Data Analyst,5,Associate,Media,109547.31613584126
ML Ops Engineer,14,Associate,Finance,190553.41924686581
Deep Learning Engineer,2,Bachelor,Energy,88429.64289187302
Autonomous Systems Engineer,2,PhD,Transportation,87883.80479542969
AI Consultant,8,PhD,Finance,120099.11847473687
ML Ops Engineer,0,Bachelor,Telecommunications,74768.49030106212
Machine Learning Engineer,15,Associate,Energy,189046.62635144457
Machine Learning Researcher,1,Master,Retail,57209.95972055747
Data Scientist,0,PhD,Healthcare,74694.78022263847
Principal Data Scientist,0,PhD,Finance,75263.13640644107
AI Specialist,4,Bachelor,Healthcare,87218.23613033771
ML Ops Engineer,6,Associate,Manufacturing,111559.58402659936
AI Software Engineer,3,Associate,Gaming,88030.49371959249
AI Architect,8,Associate,Consulting,142791.34267317105
ML Ops Engineer,3,Bachelor,Automotive,88608.09862371293
Head of AI,4,Associate,Automotive,88511.4495333925
AI Research Scientist,1,Master,Real Estate,63957.390250264514
Machine Learning Researcher,0,PhD,Consulting,74142.44546421034
AI Consultant,6,Bachelor,Finance,110888.11960789532
Computer Vision Engineer,4,Associate,Consulting,80111.53677544562
Machine Learning Engineer,2,Associate,Manufacturing,87992.56857631994
AI Specialist,3,Master,Finance,78695.49618849499
AI Product Manager,14,Associate,Transportation,190854.70854264364
Head of AI,0,Associate,Telecommunications,65079.59118629334
Data Engineer,3,Master,Healthcare,89511.76552521018
Data Scientist,3,Master,Automotive,88122.23714004048
AI Specialist,8,Associate,Education,141256.1801903307
Autonomous Systems Engineer,7,PhD,Gaming,143530.96918279785
AI Specialist,3,Master,Technology,102272.55858636438
Data Engineer,9,PhD,Energy,123327.56982826315
Data Scientist,0,Bachelor,Gaming,63430.571322821124
Autonomous Systems Engineer,3,Associate,Government,100923.31465052764
NLP Engineer,1,PhD,Energy,64557.21303240558
Data Scientist,13,Bachelor,Transportation,190334.4743172101
Head of AI,4,PhD,Transportation,101115.23874382288
Data Analyst,0,Master,Consulting,62541.95812485682
Data Engineer,1,Bachelor,Telecommunications,66609.8337068283
Principal Data Scientist,1,Bachelor,Gaming,63912.526227177455
Data Analyst,6,PhD,Automotive,119218.50036951245
Machine Learning Engineer,18,Bachelor,Consulting,187724.687531589
Machine Learning Engineer,18,Associate,Finance,171500.59179108404
AI Specialist,8,Bachelor,Energy,121482.28761924662
Research Scientist,4,Associate,Finance,88762.95624355355
Principal Data Scientist,5,Master,Government,141337.07401534935
Research Scientist,1,Bachelor,Retail,58389.581673545836
Robotics Engineer,4,PhD,Education,78896.33866974499
AI Architect,18,Associate,Education,186377.3703723154
AI Specialist,2,Master,Consulting,78056.22317147328
Principal Data Scientist,0,PhD,Retail,75460.78813073071
AI Research Scientist,13,Associate,Finance,191982.16983039168
Robotics Engineer,1,Associate,Government,64232.94250531656
AI Consultant,3,PhD,Education,99599.24303113305
AI Product Manager,0,PhD,Telecommunications,74873.19134536725
NLP Engineer,0,PhD,Technology,64471.42144621954
ML Ops Engineer,14,Master,Gaming,220678.73169834854
Data Analyst,9,Master,Education,119781.52562982339
Research Scientist,1,Master,Gaming,63897.1163833218
Head of AI,10,Bachelor,Manufacturing,217654.32220372034
Data Scientist,12,Master,Media,218230.30982560464
Principal Data Scientist,2,Master,Technology,80510.52490895812
AI Consultant,4,PhD,Education,99599.24303113305
Machine Learning Researcher,0,Associate,Energy,55763.659099868506
ML Ops Engineer,2,Associate,Automotive,79618.29023523317
Head of AI,3,Associate,Consulting,101032.0337529561
AI Product Manager,17,Master,Healthcare,167326.95009053993
NLP Engineer,0,Bachelor,Manufacturing,64130.47206627687
Machine Learning Engineer,6,Associate,Technology,140259.6228161353
Robotics Engineer,17,PhD,Education,184819.15019846332
Autonomous Systems Engineer,8,Bachelor,Healthcare,123266.13165748048
Computer Vision Engineer,9,PhD,Retail,112554.44287790793
Data Analyst,1,Bachelor,Technology,63503.68861808635
AI Software Engineer,0,Master,Gaming,75898.06187186629
Computer Vision Engineer,14,Master,Retail,220750.4391029912
Principal Data Scientist,0,Bachelor,Real Estate,74213.50485159614
Computer Vision Engineer,3,Associate,Gaming,79630.58096164561
Autonomous Systems Engineer,2,Master,Technology,78961.73537243943
Machine Learning Engineer,7,Associate,Transportation,109903.67416901758
AI Research Scientist,18,PhD,Retail,186435.70079694566
AI Consultant,16,PhD,Technology,169237.82897658512
AI Product Manager,1,Associate,Government,75285.1572877029
Computer Vision Engineer,8,PhD,Healthcare,112237.01812986154
Data Scientist,17,Bachelor,Technology,186787.67537177075
Head of AI,5,Bachelor,Energy,141348.31545618028
Autonomous Systems Engineer,16,PhD,Gaming,216392.29612370147
Deep Learning Engineer,6,Bachelor,Real Estate,111532.02311779495
AI Architect,1,PhD,Gaming,56973.540162686
Research Scientist,9,Associate,Transportation,143242.1095791267
Autonomous Systems Engineer,2,Master,Energy,101031.20518167898
Machine Learning Engineer,0,PhD,Telecommunications,63240.997539544325
Autonomous Systems Engineer,14,PhD,Retail,170680.62981536268
Data Engineer,17,Associate,Real Estate,215440.9054774613
Computer Vision Engineer,3,Associate,Healthcare,101161.75192904787
AI Product Manager,1,PhD,Education,57118.40944244663
AI Research Scientist,5,Bachelor,Technology,113675.85452107419
Robotics Engineer,0,PhD,Technology,64471.42144621954
Machine Learning Researcher,15,Master,Telecommunications,187582.44499419472
Data Scientist,12,Bachelor,Consulting,190027.17103398882
NLP Engineer,15,Master,Healthcare,169157.42537262785
Head of AI,3,Associate,Finance,88511.4495333925
Principal Data Scientist,6,PhD,Transportation,111675.2998228095
AI Specialist,4,PhD,Education,86935.40568925093
NLP Engineer,16,Master,Healthcare,187169.99263249323
AI Architect,1,Master,Government,75420.99453494385
Deep Learning Engineer,2,Bachelor,Healthcare,101192.68328155481
Principal Data Scientist,4,Associate,Healthcare,101161.75192904787
Autonomous Systems Engineer,2,Bachelor,Energy,101031.20518167898
Autonomous Systems Engineer,6,Bachelor,Telecommunications,109933.436257852
AI Consultant,3,Associate,Healthcare,79266.8676118631
Computer Vision Engineer,7,PhD,Media,141106.47739135896
Head of AI,0,Master,Energy,73772.53677977182
NLP Engineer,15,Associate,Technology,220800.71684988853
ML Ops Engineer,3,PhD,Manufacturing,78896.33866974499
AI Software Engineer,8,Bachelor,Transportation,112528.71172876883
Data Scientist,8,Master,Telecommunications,121915.68345187757
Research Scientist,12,Associate,Media,219161.41723614957
ML Ops Engineer,12,Master,Manufacturing,172088.01359517119
Data Analyst,4,PhD,Consulting,86395.83274971708
Machine Learning Researcher,3,Associate,Gaming,87638.14869148695
AI Software Engineer,7,Associate,Transportation,120847.50803612823
Data Engineer,10,Associate,Media,189974.75466489053
AI Specialist,0,Bachelor,Gaming,74607.01131997918
ML Ops Engineer,18,PhD,Healthcare,167149.22824090644
AI Research Scientist,4,Master,Finance,79818.4421278535
Deep Learning Engineer,13,Bachelor,Media,195078.79998241778
AI Product Manager,5,Master,Media,142200.97122106067
AI Product Manager,6,Master,Gaming,144648.68505189382
Robotics Engineer,4,PhD,Finance,101372.73034647577
AI Product Manager,1,Associate,Real Estate,57489.72710692852
AI Consultant,5,Bachelor,Telecommunications,110380.33974838446
AI Consultant,6,Bachelor,Retail,125880.95829926012
Robotics Engineer,13,PhD,Telecommunications,170560.41182252357
Data Analyst,2,Bachelor,Education,98856.53980676965
Principal Data Scientist,7,Master,Technology,141703.72774278943
Machine Learning Researcher,9,PhD,Manufacturing,112383.06914410226
ML Ops Engineer,6,PhD,Finance,120751.30107231303
Principal Data Scientist,10,Associate,Energy,172454.93961249015
NLP Engineer,9,Associate,Manufacturing,142175.1607058904
Research Scientist,4,Associate,Automotive,88762.95624355355
AI Consultant,12,Associate,Government,186978.94508593617
Machine Learning Engineer,7,Master,Real Estate,109424.95268407326
AI Specialist,8,PhD,Gaming,113325.66776399325
Principal Data Scientist,0,PhD,Government,63784.61844609539
AI Architect,2,Bachelor,Finance,102355.08753931252
NLP Engineer,9,PhD,Government,140507.8640569807
Computer Vision Engineer,17,Bachelor,Telecommunications,190418.60999888467
AI Specialist,1,Master,Technology,75507.8453425245
Head of AI,14,Master,Education,170211.7585066016
NLP Engineer,10,Master,Finance,217034.0793743251
Machine Learning Researcher,9,Associate,Telecommunications,122845.05481380652
AI Architect,3,PhD,Manufacturing,88280.23436839168
Head of AI,7,Associate,Retail,122525.36407794779
AI Product Manager,19,Master,Transportation,187962.88427667177
AI Software Engineer,10,Associate,Retail,218294.42625571895
Data Engineer,19,Master,Consulting,196807.3388972623
Head of AI,16,Master,Education,168625.12487370105
Research Scientist,0,Master,Finance,74891.67840110633
Computer Vision Engineer,3,Bachelor,Gaming,79727.23005196603
Research Scientist,3,Bachelor,Real Estate,79797.27079901837
Principal Data Scientist,0,Bachelor,Government,64066.58162093637
Machine Learning Engineer,2,Master,Automotive,101524.89598112393
Research Scientist,1,PhD,Automotive,76305.53740747803
Machine Learning Engineer,3,Bachelor,Energy,78984.1289640159
Deep Learning Engineer,16,Bachelor,Gaming,194535.83838015684
Data Analyst,1,Associate,Technology,63407.03952776594
AI Architect,8,Associate,Retail,114428.45051037065
AI Specialist,4,Bachelor,Government,78617.18476706719
NLP Engineer,6,Bachelor,Real Estate,121512.85299834415
Data Engineer,6,Associate,Finance,111373.11336105946
Research Scientist,4,Bachelor,Government,88795.71488853348
Principal Data Scientist,1,PhD,Gaming,64128.906223115155
Head of AI,12,PhD,Retail,173616.60311535012
Data Analyst,14,PhD,Healthcare,217795.90188443376
AI Product Manager,5,Bachelor,Retail,112517.88171853646
Data Analyst,14,Master,Automotive,216860.93585561728
Principal Data Scientist,12,Master,Energy,189454.33045898878
Data Scientist,3,Bachelor,Finance,99964.24468212613
Head of AI,0,Bachelor,Energy,73772.53677977182
Autonomous Systems Engineer,4,PhD,Finance,78864.08987248928
Computer Vision Engineer,1,PhD,Telecommunications,65123.9025868387
AI Software Engineer,3,Bachelor,Consulting,88478.38044762115
Head of AI,0,Master,Automotive,63863.555512260165
Deep Learning Engineer,3,Associate,Manufacturing,100864.65665567118
Machine Learning Engineer,8,Bachelor,Manufacturing,121784.76863307845
Machine Learning Engineer,13,Master,Telecommunications,170843.24226361036
AI Software Engineer,2,Associate,Transportation,79618.29023523317
Data Engineer,2,Bachelor,Healthcare,102311.7070977712
NLP Engineer,12,Master,Real Estate,172088.01359517119
Data Analyst,5,PhD,Government,109628.27902242885
Robotics Engineer,6,PhD,Automotive,110798.03210056823
Machine Learning Researcher,4,Bachelor,Retail,89068.74165752104
Research Scientist,3,Master,Real Estate,101340.73249283308
Machine Learning Engineer,0,Master,Retail,74716.78719313347
Principal Data Scientist,15,PhD,Energy,175488.97323177534
Robotics Engineer,12,Bachelor,Finance,190553.41924686581
Computer Vision Engineer,0,Associate,Energy,73675.88768945141
Machine Learning Engineer,0,Master,Transportation,63344.674555187594
AI Architect,13,Bachelor,Telecommunications,217036.59206505775
AI Product Manager,9,Associate,Energy,123944.46551335535
Machine Learning Engineer,9,Bachelor,Healthcare,140603.5411815192
Principal Data Scientist,0,Bachelor,Real Estate,57366.42021165273
AI Specialist,11,Bachelor,Consulting,219075.97007029707
Data Analyst,13,Associate,Transportation,216695.80276618432
Machine Learning Researcher,14,Master,Consulting,174037.8847974092
AI Research Scientist,2,PhD,Government,78690.10343385515
Principal Data Scientist,1,Associate,Manufacturing,64296.83295065706
ML Ops Engineer,0,Associate,Telecommunications,57971.19604678701
Machine Learning Engineer,2,Master,Media,87532.29508005772
Research Scientist,2,PhD,Consulting,88180.14016267871
ML Ops Engineer,5,Associate,Transportation,140564.01934310893
Principal Data Scientist,11,Bachelor,Finance,173699.46590049844
AI Architect,0,Master,Automotive,56864.46861490854
Head of AI,1,Associate,Automotive,57188.43781115072
Machine Learning Engineer,4,PhD,Media,86898.03644462081
Principal Data Scientist,1,PhD,Energy,57693.482753772616
Autonomous Systems Engineer,0,Bachelor,Automotive,74993.50917394085
AI Specialist,1,Associate,Transportation,55798.5753177755
AI Architect,4,Associate,Technology,100951.31570872308
NLP Engineer,9,Master,Technology,142009.0059523802
Machine Learning Researcher,17,Associate,Retail,189785.57878316782
Data Analyst,1,Bachelor,Real Estate,63032.427592969645
AI Research Scientist,15,Bachelor,Finance,219820.57519940907
Data Engineer,1,PhD,Energy,76269.31185238213
Research Scientist,12,Bachelor,Education,170690.4799915459
Data Scientist,17,Associate,Energy,170259.8135556056
Data Analyst,3,Master,Telecommunications,98488.99577554458
Principal Data Scientist,0,Associate,Energy,56669.52264955248
Computer Vision Engineer,0,Associate,Finance,58057.94739368429
Machine Learning Engineer,18,Master,Gaming,217183.63663547835
Principal Data Scientist,7,Master,Government,112250.23819878511
Computer Vision Engineer,3,Associate,Education,88733.07611697394
Research Scientist,12,Associate,Transportation,219161.41723614957
Computer Vision Engineer,0,Associate,Consulting,74156.31282188022
Research Scientist,0,Bachelor,Consulting,57273.58363693158
Machine Learning Engineer,1,Associate,Retail,74883.14807751366
AI Product Manager,18,Master,Media,186535.48405070763
Robotics Engineer,1,PhD,Energy,57179.96423219417
Machine Learning Researcher,0,Associate,Telecommunications,57286.437052339366
Machine Learning Researcher,2,Bachelor,Education,79322.59429744803
Autonomous Systems Engineer,13,Bachelor,Finance,171418.00660876866
AI Product Manager,0,PhD,Transportation,64581.942635018684
AI Architect,2,PhD,Finance,88280.23436839168
AI Software Engineer,3,Bachelor,Transportation,102315.19796576611
Principal Data Scientist,14,Bachelor,Government,194583.07003338175
Head of AI,0,Bachelor,Government,64066.58162093637
Data Engineer,0,Master,Technology,75560.55555070029
Data Analyst,3,PhD,Consulting,86395.83274971708
Data Scientist,7,Associate,Finance,112470.65789067237
Machine Learning Researcher,3,Master,Gaming,78305.86826892625
Data Engineer,7,Bachelor,Telecommunications,121728.81049938817
Data Analyst,6,Associate,Gaming,120613.8969713048
Head of AI,7,PhD,Education,120751.30107231303
Data Scientist,0,Master,Healthcare,56971.05882247555
Machine Learning Engineer,17,Associate,Automotive,170124.42996313292
AI Research Scientist,19,Associate,Automotive,170210.04603842416
Head of AI,4,PhD,Finance,79535.61168676672
Principal Data Scientist,15,Bachelor,Gaming,177211.30014371657
AI Product Manager,9,Master,Technology,142809.01271275102
Data Scientist,3,PhD,Telecommunications,79460.5534831384
NLP Engineer,0,Master,Education,74634.45227393712
AI Architect,2,Associate,Gaming,88252.37645937475
NLP Engineer,5,Bachelor,Telecommunications,110944.71363513003
Research Scientist,4,Associate,Telecommunications,101045.71460798384
Robotics Engineer,4,PhD,Automotive,88058.35162860942
AI Consultant,1,Master,Automotive,56184.942800003766
Principal Data Scientist,1,PhD,Healthcare,57959.083021657694
Head of AI,0,PhD,Media,75460.60906443626
Robotics Engineer,17,Associate,Real Estate,170124.42996313292
AI Consultant,11,Master,Consulting,207863.94017845468
Deep Learning Engineer,9,Bachelor,Manufacturing,122706.30131240765
Data Engineer,0,PhD,Technology,76183.52026619608
Data Analyst,1,Master,Consulting,72455.0321657916
Data Analyst,8,Associate,Manufacturing,140726.65033630037
AI Research Scientist,1,Bachelor,Healthcare,74645.69006299299
Data Analyst,17,Master,Manufacturing,214715.54753628044
Computer Vision Engineer,3,Bachelor,Gaming,79727.23005196603
Data Scientist,9,Associate,Manufacturing,141864.29612474068
Principal Data Scientist,0,Associate,Gaming,63552.86716215644
Deep Learning Engineer,17,Master,Healthcare,170717.10687556007
Data Scientist,4,Master,Consulting,100817.81826212679
AI Product Manager,17,Master,Media,215324.78251871682
AI Software Engineer,6,Bachelor,Media,120847.50803612823
NLP Engineer,11,PhD,Government,221755.12443704717
AI Consultant,1,Master,Technology,56487.02858842424
Principal Data Scientist,5,PhD,Education,141257.80218514445
Data Engineer,5,Master,Consulting,112089.68615521275
Data Analyst,17,Master,Government,169400.53844530086
NLP Engineer,6,PhD,Technology,111252.12017645332
Autonomous Systems Engineer,0,PhD,Finance,75088.58957326133
Computer Vision Engineer,3,Associate,Automotive,80111.53677544562
AI Product Manager,9,Bachelor,Automotive,113411.05565355197
Machine Learning Engineer,3,Associate,Government,80061.75425428222
Machine Learning Engineer,3,Bachelor,Government,100792.14397239107
Autonomous Systems Engineer,0,Associate,Real Estate,63859.27614277671
AI Software Engineer,10,PhD,Retail,170861.87078724278
Data Analyst,4,Bachelor,Retail,88714.9120352294
AI Product Manager,2,Master,Manufacturing,102058.4077797391
AI Consultant,1,Master,Media,55379.31798577173
Computer Vision Engineer,6,PhD,Real Estate,110798.03210056823
Autonomous Systems Engineer,12,Bachelor,Retail,189925.84088924175
AI Product Manager,6,Bachelor,Healthcare,112073.82458575266
AI Research Scientist,14,Master,Government,222116.20894378467
Data Scientist,1,Bachelor,Retail,75187.81354375693
Research Scientist,1,Master,Government,74833.30632781354
AI Product Manager,2,Associate,Technology,89765.54436964839
AI Specialist,0,Master,Telecommunications,56409.12898302712
Machine Learning Engineer,1,Bachelor,Transportation,56766.205944398556
Head of AI,1,Master,Finance,74903.18166564588
AI Specialist,5,Associate,Energy,118657.03687220749
Data Engineer,12,Bachelor,Consulting,217223.23929613267
AI Architect,4,PhD,Manufacturing,88280.23436839168
ML Ops Engineer,19,Master,Retail,189790.2284916344
AI Product Manager,0,PhD,Healthcare,75240.7353765923
Machine Learning Engineer,1,Master,Energy,55461.01202120073
Data Scientist,1,Associate,Technology,56959.858347768146
AI Architect,3,PhD,Automotive,88280.23436839168
Data Scientist,18,Bachelor,Telecommunications,185297.52390438222
AI Consultant,1,Associate,Transportation,56624.06392440515
Head of AI,8,Associate,Government,114039.88731167052
Research Scientist,14,Bachelor,Telecommunications,188772.91268655006
Autonomous Systems Engineer,4,Associate,Healthcare,79159.71968433123
Data Engineer,7,Bachelor,Real Estate,122683.43645385811
Principal Data Scientist,0,PhD,Media,55883.90605852425
AI Research Scientist,0,Associate,Energy,63264.39926748037
Machine Learning Researcher,19,Associate,Retail,219328.08479037348
Machine Learning Researcher,4,Bachelor,Government,79614.70223233686
ML Ops Engineer,3,Bachelor,Retail,80567.92738746724
Principal Data Scientist,3,Bachelor,Manufacturing,88608.09862371293
Data Engineer,11,Associate,Telecommunications,211161.60063777602
Robotics Engineer,19,Associate,Technology,220143.74786523753
Research Scientist,12,PhD,Retail,173616.60311535012
AI Product Manager,11,Bachelor,Technology,221332.69231472563
Deep Learning Engineer,16,Master,Healthcare,191038.8571291771
Machine Learning Researcher,9,Associate,Automotive,113553.05896860099
Research Scientist,15,Master,Consulting,216576.93973228202
Deep Learning Engineer,1,PhD,Energy,64590.686705030785
Research Scientist,17,Bachelor,Technology,190239.17395773693
AI Research Scientist,16,Master,Retail,170553.90413186327
Computer Vision Engineer,0,Master,Telecommunications,74768.49030106212
Data Engineer,0,Master,Government,56105.326324748065
AI Consultant,0,Bachelor,Consulting,56457.703040024964
Machine Learning Engineer,17,PhD,Media,221662.80894220993
Robotics Engineer,0,Master,Government,74318.78964295189
Robotics Engineer,0,Master,Finance,63863.555512260165
AI Consultant,17,Master,Technology,169779.99350321924
AI Specialist,7,PhD,Automotive,141666.54688247002
Data Scientist,0,Bachelor,Finance,73088.52375105023
AI Software Engineer,9,Master,Manufacturing,121803.88381182175
Machine Learning Engineer,6,Master,Technology,140047.81788520765
AI Product Manager,0,Bachelor,Media,64075.55660651505
NLP Engineer,3,Associate,Media,78812.6654210011
Autonomous Systems Engineer,4,Bachelor,Energy,101031.20518167898
AI Research Scientist,11,Bachelor,Healthcare,170344.71863438562
Research Scientist,2,PhD,Technology,101820.833529869
Research Scientist,0,Associate,Retail,58029.92260852482
AI Consultant,17,Bachelor,Government,168560.54664763657
Computer Vision Engineer,18,PhD,Manufacturing,172868.33042519726
ML Ops Engineer,8,Bachelor,Energy,121211.30326098615
Machine Learning Engineer,2,Associate,Real Estate,87992.56857631994
Computer Vision Engineer,1,Associate,Media,74259.03494010662
AI Consultant,8,Master,Telecommunications,120359.85982765703
Data Analyst,3,Bachelor,Manufacturing,87075.29792091234
Deep Learning Engineer,9,Master,Technology,141543.75423697237
Computer Vision Engineer,0,PhD,Retail,75460.78813073071
AI Architect,7,Bachelor,Retail,143313.150594727
AI Software Engineer,2,PhD,Transportation,78896.33866974499
Data Analyst,3,Master,Consulting,98726.82163067788
Robotics Engineer,2,Bachelor,Technology,89062.186699598
Data Analyst,1,Bachelor,Media,62911.59679709995
Head of AI,2,Master,Transportation,88341.18206969622
AI Specialist,10,PhD,Finance,169591.89243556824
AI Software Engineer,0,PhD,Transportation,76856.76484678633
Machine Learning Engineer,1,Master,Energy,73516.66579739985
AI Specialist,6,Associate,Transportation,142021.51408894305
AI Product Manager,9,PhD,Technology,112279.6608149034
AI Architect,18,Bachelor,Healthcare,171728.5343618722
AI Product Manager,17,Master,Healthcare,214023.80941022647
Deep Learning Engineer,4,Bachelor,Real Estate,88419.74805513231
AI Architect,9,Bachelor,Consulting,113154.06399042693
NLP Engineer,3,Master,Gaming,87860.2262558962
AI Software Engineer,14,Master,Government,187949.97359672387
AI Architect,4,Bachelor,Gaming,79455.86625153583
Data Engineer,3,Master,Technology,80803.84064223082
Data Engineer,8,Master,Consulting,123349.08713582362
AI Consultant,7,Associate,Manufacturing,119765.71751647713
Robotics Engineer,8,Bachelor,Healthcare,113407.00795436026
AI Software Engineer,19,Bachelor,Consulting,185736.30144354183
Deep Learning Engineer,0,Master,Healthcare,56671.697066619825
Machine Learning Engineer,0,Master,Energy,62575.2508467115
AI Software Engineer,0,Associate,Media,75847.14500840419
AI Research Scientist,3,Master,Gaming,87860.2262558962
Autonomous Systems Engineer,9,Master,Real Estate,122294.68194085795
Machine Learning Engineer,0,Master,Real Estate,63175.49931849134
Autonomous Systems Engineer,4,Associate,Finance,101244.69669852102
Machine Learning Researcher,0,PhD,Education,56487.89428416179
Data Engineer,0,Bachelor,Consulting,65171.33734569905
Computer Vision Engineer,0,Master,Education,64336.95428148632
Data Engineer,9,Bachelor,Telecommunications,113258.01171510085
AI Architect,10,Associate,Telecommunications,190100.5091678908
Machine Learning Engineer,10,Bachelor,Government,171322.23662998911
Head of AI,3,Bachelor,Automotive,79714.93932555357
Machine Learning Engineer,13,PhD,Automotive,189383.4294223671
Principal Data Scientist,1,Associate,Energy,56932.53262425308
Data Engineer,1,PhD,Media,57688.521066010835
Autonomous Systems Engineer,5,PhD,Automotive,110142.33555146409
Deep Learning Engineer,12,PhD,Finance,177025.17243259342
AI Specialist,4,Master,Healthcare,78269.17443484877
Machine Learning Engineer,8,PhD,Telecommunications,109949.26628318928
Data Analyst,7,Associate,Government,111426.0715398623
AI Software Engineer,2,PhD,Retail,88513.49495555196
Deep Learning Engineer,9,Master,Gaming,114576.65789840245
AI Software Engineer,1,Master,Automotive,56749.31668674935
Machine Learning Engineer,2,PhD,Telecommunications,78669.87167901453
AI Software Engineer,17,Associate,Retail,216339.11897299322
Deep Learning Engineer,8,PhD,Consulting,141252.74308921737
Robotics Engineer,13,Master,Education,187790.00477488426
AI Consultant,0,Bachelor,Manufacturing,56457.703040024964
Deep Learning Engineer,18,Associate,Education,190449.7843066845
AI Architect,5,PhD,Transportation,121124.50860588078
ML Ops Engineer,0,Master,Transportation,56486.30671204875
Data Analyst,4,PhD,Consulting,98583.65935513249
AI Architect,4,Bachelor,Automotive,102882.97185548785
AI Research Scientist,3,Bachelor,Automotive,79714.93932555357
AI Product Manager,0,Master,Automotive,75403.14657992471
AI Specialist,2,Associate,Retail,87974.57510193094
Machine Learning Researcher,6,Associate,Transportation,141904.73720865883
AI Research Scientist,3,Associate,Manufacturing,88511.4495333925
Research Scientist,0,Associate,Technology,64409.89907012248
Deep Learning Engineer,2,Bachelor,Transportation,79687.37841674915
Deep Learning Engineer,4,PhD,Consulting,88039.17629672507
Autonomous Systems Engineer,1,PhD,Healthcare,64435.315203735416
AI Architect,14,Master,Government,192867.65473785537
Data Engineer,6,Associate,Finance,140775.91514081223
AI Research Scientist,2,Associate,Consulting,88381.73135730074
Computer Vision Engineer,2,Master,Retail,102111.38908128193
Principal Data Scientist,19,Bachelor,Technology,222485.19992628315
Data Engineer,1,PhD,Media,65581.38864788835
Machine Learning Engineer,1,Associate,Energy,55900.13314560209
Robotics Engineer,11,Master,Transportation,189328.04648971162
AI Product Manager,2,Bachelor,Manufacturing,102058.4077797391
Data Scientist,10,Associate,Healthcare,171162.80178620655
Research Scientist,0,Bachelor,Telecommunications,58319.35184726847
Data Engineer,13,Associate,Manufacturing,173821.12706361324
Deep Learning Engineer,2,Master,Real Estate,78982.43296533113
ML Ops Engineer,1,PhD,Technology,64911.94782533562
Autonomous Systems Engineer,4,Associate,Energy,78734.83901649062
AI Research Scientist,9,Master,Energy,112010.67756989713
Machine Learning Engineer,7,Master,Technology,109879.04075995833
Robotics Engineer,5,Associate,Finance,140821.5109457618
AI Product Manager,3,Bachelor,Energy,89196.17597961864
Research Scientist,1,PhD,Consulting,64731.65057098444
ML Ops Engineer,0,Associate,Energy,54138.55830276507
Data Engineer,6,Master,Government,140395.3835222633
AI Software Engineer,1,Bachelor,Real Estate,64224.306804281216
Data Engineer,14,Associate,Healthcare,215238.30160889868
ML Ops Engineer,11,Bachelor,Consulting,172459.37449771137
AI Consultant,7,Bachelor,Media,138416.4707639157
Data Scientist,2,Master,Consulting,79450.96995788309
AI Specialist,18,Associate,Education,165696.49895901483
Robotics Engineer,4,Associate,Automotive,101947.12784787607
Research Scientist,2,Associate,Technology,101867.34671509397
Machine Learning Researcher,0,PhD,Education,56487.89428416179
Head of AI,18,PhD,Energy,219718.30694696697
NLP Engineer,0,Master,Media,63573.54947969422
Principal Data Scientist,0,Master,Healthcare,57212.7764970027
Data Analyst,0,Bachelor,Healthcare,56255.68508272321
Computer Vision Engineer,7,Master,Government,112733.22732322916
AI Consultant,2,Bachelor,Education,99742.40530667844
Data Engineer,14,Associate,Energy,191187.44392743084
AI Research Scientist,17,Bachelor,Telecommunications,186991.74878504907
ML Ops Engineer,15,Bachelor,Telecommunications,170725.68353315705
Computer Vision Engineer,12,Bachelor,Energy,219108.76823164005
Machine Learning Researcher,5,Master,Finance,112179.25343467685
ML Ops Engineer,3,Bachelor,Manufacturing,88608.09862371293
Robotics Engineer,6,Bachelor,Retail,137658.76295042844
Robotics Engineer,13,Master,Energy,189454.33045898878
AI Research Scientist,1,Associate,Education,64296.83295065706
Robotics Engineer,4,Associate,Transportation,101161.75192904787
AI Specialist,6,PhD,Transportation,141666.54688247002
Deep Learning Engineer,10,Bachelor,Technology,191330.6150783156
AI Software Engineer,11,Master,Healthcare,186145.52508735025
AI Product Manager,13,Bachelor,Healthcare,217170.4655614721
Computer Vision Engineer,8,PhD,Technology,112478.1549423711
Autonomous Systems Engineer,5,Bachelor,Government,121213.93558268176
AI Architect,2,Master,Real Estate,79231.8766139178
Machine Learning Researcher,1,Master,Consulting,56356.97165864379
Autonomous Systems Engineer,10,Associate,Transportation,188697.33651991416
AI Product Manager,4,Master,Retail,89994.1768919807
Data Scientist,1,Bachelor,Education,74334.82548184326
ML Ops Engineer,1,Associate,Healthcare,64296.83295065706
Data Engineer,2,Bachelor,Automotive,80885.52278106753
AI Product Manager,3,Bachelor,Real Estate,101889.23254304283
AI Product Manager,17,Master,Healthcare,167326.95009053993
NLP Engineer,4,PhD,Healthcare,88058.35162860942
Principal Data Scientist,17,PhD,Consulting,174453.26911020104
Principal Data Scientist,19,Master,Transportation,174597.8877362723
Data Analyst,7,Associate,Government,139864.7534496909
Deep Learning Engineer,3,Associate,Telecommunications,100728.49016000933
AI Research Scientist,6,Bachelor,Finance,112198.85704362107
AI Consultant,1,Associate,Manufacturing,63296.061017770226
Machine Learning Engineer,9,Associate,Telecommunications,138386.12765188122
Research Scientist,5,Bachelor,Technology,142106.55924673594
Data Scientist,4,PhD,Consulting,79168.1395167963
Principal Data Scientist,7,Bachelor,Manufacturing,121512.85299834415
Research Scientist,4,PhD,Real Estate,78978.6701432098
AI Product Manager,7,Master,Finance,112021.42485445454
Principal Data Scientist,0,Master,Transportation,74382.68008829239
Data Scientist,4,Bachelor,Manufacturing,79986.74017260487
Machine Learning Researcher,8,Bachelor,Real Estate,113637.34930181158
Data Analyst,6,Master,Real Estate,110101.5194342322
AI Research Scientist,1,PhD,Transportation,75268.65477848878
Research Scientist,0,PhD,Technology,75381.7208979542
Data Scientist,3,Associate,Manufacturing,79890.09108228446
Machine Learning Researcher,11,Bachelor,Media,173080.25221566772
Data Analyst,2,PhD,Finance,98970.86913387715
Data Scientist,12,Bachelor,Energy,190122.544912745
Data Engineer,8,Master,Finance,140885.96660896862
AI Product Manager,7,Bachelor,Retail,112873.38440198079
Deep Learning Engineer,13,PhD,Gaming,177151.81045371894
Data Analyst,3,Bachelor,Manufacturing,87075.29792091234
Computer Vision Engineer,0,Master,Retail,75235.66815020604
Data Scientist,4,PhD,Manufacturing,87839.4066989537
Computer Vision Engineer,1,Associate,Government,64454.569088898
Head of AI,19,Master,Gaming,218032.528578109
Computer Vision Engineer,16,Associate,Healthcare,183436.8182332275
AI Specialist,9,Master,Finance,142372.47897025908
AI Software Engineer,18,PhD,Energy,217293.7884949206
NLP Engineer,3,Master,Finance,88341.18206969622
AI Software Engineer,1,Associate,Real Estate,57188.43781115072
AI Consultant,9,Associate,Consulting,120877.51468280374
Head of AI,18,Bachelor,Transportation,188031.99081481027
Machine Learning Engineer,1,Associate,Technology,64080.03778200494
Research Scientist,16,Associate,Healthcare,215646.56586602592
AI Product Manager,3,Bachelor,Healthcare,102058.4077797391
Data Analyst,2,Associate,Retail,100399.5048307663
Computer Vision Engineer,4,PhD,Gaming,87799.02239839084
AI Software Engineer,2,Master,Technology,88795.2701455813
Autonomous Systems Engineer,11,Bachelor,Consulting,217003.88331218448
Data Engineer,4,Master,Healthcare,89511.76552521018
Machine Learning Engineer,18,PhD,Retail,171252.88917262742
NLP Engineer,2,PhD,Healthcare,79109.2899331205
Research Scientist,7,Associate,Finance,112450.36375378212
Head of AI,10,Bachelor,Transportation,217654.32220372034
AI Software Engineer,3,Master,Gaming,78698.21329703179
Robotics Engineer,4,Master,Automotive,79179.16911083179
Data Engineer,9,Associate,Technology,143614.84271646102
Data Analyst,6,Master,Consulting,139409.53568088252
AI Specialist,19,Associate,Healthcare,223371.70157382084
Data Scientist,11,PhD,Gaming,223389.55464820284
AI Consultant,9,Associate,Consulting,138398.44887919523
Autonomous Systems Engineer,13,Master,Technology,172287.22050361242
Machine Learning Researcher,1,PhD,Energy,56446.4830687081
Principal Data Scientist,1,Master,Finance,57635.52092048104
NLP Engineer,15,Bachelor,Consulting,189607.76871155648
Principal Data Scientist,6,Bachelor,Energy,121300.92359387907
Data Engineer,6,Master,Government,140395.3835222633
Machine Learning Engineer,16,Associate,Real Estate,218300.8747367761
AI Specialist,3,Master,Manufacturing,89720.85314698202
Data Scientist,4,PhD,Transportation,79168.1395167963
Principal Data Scientist,13,Master,Healthcare,187374.01889299863
Autonomous Systems Engineer,0,Bachelor,Transportation,56350.5551124931
Data Analyst,0,PhD,Finance,73202.19668533144
Machine Learning Engineer,3,Associate,Gaming,100307.13271255104
Research Scientist,0,Bachelor,Real Estate,57104.40840023533
Data Scientist,18,Bachelor,Telecommunications,206062.24271363975
Machine Learning Researcher,7,Bachelor,Finance,121956.14560917098
AI Consultant,4,PhD,Energy,78279.31577848986
AI Architect,6,Master,Media,120646.26752465208
Data Engineer,1,Bachelor,Energy,64794.641788015324
Robotics Engineer,1,Bachelor,Finance,64393.48204097747
ML Ops Engineer,0,PhD,Media,74715.63877122223
Data Scientist,1,PhD,Real Estate,64221.74187056317
Machine Learning Researcher,2,PhD,Finance,79143.26665866117
Research Scientist,0,Bachelor,Gaming,56792.62782313157
AI Software Engineer,1,Master,Education,56749.31668674935
AI Software Engineer,7,Associate,Manufacturing,110894.23906438344
AI Architect,4,Associate,Consulting,88603.614097083
AI Research Scientist,4,Master,Retail,99472.25592921406
AI Software Engineer,0,Associate,Automotive,57719.75093305045
Data Engineer,14,Bachelor,Technology,176029.3262201537
Machine Learning Engineer,11,Bachelor,Gaming,218884.82720327383
Research Scientist,11,Associate,Healthcare,216530.96289195208
Computer Vision Engineer,6,Master,Automotive,142035.01558573256
AI Architect,8,Associate,Automotive,143884.02187522053
Data Engineer,0,PhD,Retail,58686.27923248481
Head of AI,18,Bachelor,Healthcare,167917.8050679689
Autonomous Systems Engineer,1,Associate,Finance,74631.98574214571
Head of AI,8,Associate,Telecommunications,112239.43073651481
Machine Learning Engineer,0,Bachelor,Media,73573.79309865387
Machine Learning Researcher,4,Associate,Transportation,100769.40690094231
Research Scientist,1,Associate,Technology,75102.63347125408
Data Scientist,10,PhD,Energy,187430.29959442993
Research Scientist,5,Master,Finance,141909.96277350376
Machine Learning Engineer,18,Master,Real Estate,216019.7459746988
Machine Learning Researcher,19,Bachelor,Technology,190752.92964473428
Data Engineer,9,Bachelor,Real Estate,143160.75464057596
Principal Data Scientist,3,Associate,Gaming,80014.60214367442
Data Analyst,5,Associate,Energy,118870.69763635541
Data Analyst,6,Bachelor,Technology,111034.3289950616
Data Engineer,10,Master,Finance,213663.7948062204
AI Specialist,3,PhD,Automotive,73506.12819339053
AI Consultant,3,Bachelor,Finance,87607.3266908261
ML Ops Engineer,3,PhD,Consulting,100985.52056773112
Computer Vision Engineer,14,Associate,Media,190553.41924686581
Data Analyst,13,Associate,Retail,219691.6935148246
AI Architect,4,PhD,Finance,102211.92526376713
Data Analyst,5,Master,Telecommunications,119233.76487866974
Robotics Engineer,13,PhD,Government,189077.34875087725
AI Product Manager,15,PhD,Energy,220519.9902072742
NLP Engineer,4,Bachelor,Government,88544.20817837243
Research Scientist,9,Bachelor,Automotive,114176.71523101049
Principal Data Scientist,3,Associate,Energy,80283.62855300933
Autonomous Systems Engineer,13,Master,Real Estate,217029.15713975276
Data Engineer,2,Bachelor,Technology,81339.6108569526
AI Research Scientist,15,Bachelor,Transportation,171680.30948762698
Research Scientist,12,PhD,Technology,174013.38231062487
AI Research Scientist,12,Master,Transportation,173516.76417869705
Robotics Engineer,1,Bachelor,Telecommunications,75031.50027576272
AI Research Scientist,0,Associate,Healthcare,74286.03099797198
AI Specialist,4,Master,Manufacturing,89720.85314698202
Robotics Engineer,12,Associate,Finance,173426.9988568679
Research Scientist,8,PhD,Automotive,123337.63753939781
AI Architect,2,PhD,Energy,101901.78465660468
Machine Learning Engineer,7,Associate,Gaming,120490.78781652362
AI Research Scientist,3,PhD,Manufacturing,101115.23874382288
Research Scientist,0,Bachelor,Energy,63612.555067961825
AI Software Engineer,5,PhD,Technology,120691.36897976766
NLP Engineer,0,Bachelor,Government,57314.18486165936
Head of AI,16,Master,Consulting,188498.41408085913
Computer Vision Engineer,0,Bachelor,Finance,64352.09864985831
AI Software Engineer,2,PhD,Automotive,102957.41160904894
Deep Learning Engineer,12,Master,Consulting,174937.39131026162
Head of AI,2,Master,Manufacturing,88341.18206969622
AI Software Engineer,13,Bachelor,Retail,190854.13517708378
Deep Learning Engineer,1,Bachelor,Government,64310.416263752595
AI Product Manager,3,PhD,Transportation,78782.13487548789
NLP Engineer,1,Associate,Telecommunications,74934.85118544231
Data Analyst,15,Master,Gaming,215947.36678520718
AI Software Engineer,0,Bachelor,Healthcare,66331.34583784628
AI Software Engineer,11,Bachelor,Manufacturing,188306.65710710466
Autonomous Systems Engineer,4,PhD,Real Estate,78055.64161877132
AI Architect,4,PhD,Education,88280.23436839168
AI Architect,4,PhD,Automotive,79118.22140952726
Data Analyst,7,Master,Gaming,142315.8775887224
Data Scientist,3,Associate,Energy,79678.16167781936
AI Software Engineer,18,PhD,Manufacturing,217356.54142483493
Data Engineer,4,PhD,Gaming,79676.91549948414
Machine Learning Researcher,4,Bachelor,Energy,79110.66489298292
Data Analyst,2,Master,Telecommunications,87100.79533323774
Head of AI,3,Master,Retail,89194.17013160988
AI Architect,13,Bachelor,Retail,224997.12648500814
ML Ops Engineer,17,Master,Media,214942.8620374426
NLP Engineer,3,Master,Education,79179.16911083179
Autonomous Systems Engineer,1,Bachelor,Retail,64650.91316487431
AI Specialist,3,Bachelor,Finance,87218.23613033771
Data Engineer,0,Master,Education,57908.66235320742
AI Research Scientist,1,Bachelor,Telecommunications,58330.85511180802
AI Specialist,7,Associate,Government,119702.50108605516
Research Scientist,14,Master,Automotive,172088.01359517119
Head of AI,8,Associate,Gaming,114155.22610694214
AI Architect,0,PhD,Gaming,56866.809351062926
AI Research Scientist,9,PhD,Media,111939.77653327544
Autonomous Systems Engineer,2,Associate,Retail,88768.88065728935
Research Scientist,19,Master,Gaming,188382.7865558822
NLP Engineer,3,PhD,Telecommunications,100747.69471259782
Machine Learning Researcher,2,PhD,Retail,78959.136968582
Data Scientist,9,Master,Real Estate,112494.40782141352
ML Ops Engineer,14,Bachelor,Technology,192761.61840340632
NLP Engineer,0,Master,Government,74318.78964295189
Data Engineer,19,Bachelor,Automotive,198001.80156389548
Data Scientist,16,Associate,Media,189473.9318178366
AI Software Engineer,2,PhD,Automotive,78896.33866974499
Machine Learning Researcher,14,Master,Education,218614.79052042274
Robotics Engineer,19,Associate,Retail,170769.3125476161
Machine Learning Researcher,1,Associate,Finance,63904.48792255152
Data Engineer,7,PhD,Education,112059.56474410738
Head of AI,13,PhD,Finance,172257.00903236918
AI Software Engineer,1,PhD,Technology,64911.94782533562
ML Ops Engineer,6,PhD,Media,120751.30107231303
Research Scientist,9,Bachelor,Consulting,113999.13012388098
Robotics Engineer,5,Bachelor,Retail,118951.35625108163
Deep Learning Engineer,9,Master,Gaming,143688.70478570592
Principal Data Scientist,3,Associate,Automotive,101947.12784787607
Data Engineer,8,PhD,Healthcare,123464.5091659833
Data Engineer,3,Master,Gaming,101975.96883834693
Machine Learning Engineer,12,PhD,Telecommunications,216406.08197241987
Computer Vision Engineer,4,Master,Telecommunications,100890.8569881432
Machine Learning Researcher,1,PhD,Telecommunications,73875.21561743555
Computer Vision Engineer,0,Associate,Automotive,64255.4495595379
ML Ops Engineer,10,Bachelor,Transportation,188871.88335309393
AI Architect,7,Associate,Gaming,122368.58041388766
Machine Learning Researcher,1,Master,Real Estate,63565.04522215897
Machine Learning Researcher,10,Bachelor,Technology,191523.37512046125
Data Scientist,1,Master,Telecommunications,74720.63569461301
ML Ops Engineer,5,Master,Retail,111949.67586874196
AI Software Engineer,15,Master,Telecommunications,185527.98719473637
Deep Learning Engineer,3,Bachelor,Finance,88588.92329182856
AI Architect,4,Master,Government,79693.15978550288
Autonomous Systems Engineer,11,PhD,Real Estate,220050.84467075678
Autonomous Systems Engineer,16,Associate,Finance,184535.6986083073
AI Software Engineer,1,Bachelor,Consulting,64263.7638648857
Autonomous Systems Engineer,7,Bachelor,Retail,121929.80713993098
Autonomous Systems Engineer,0,Bachelor,Media,63665.91920053118
Data Engineer,3,Bachelor,Healthcare,89778.68207922688
Machine Learning Engineer,5,PhD,Healthcare,119246.71600851674
Data Engineer,1,PhD,Manufacturing,76321.9608568917
Principal Data Scientist,5,Bachelor,Finance,121452.372861202
Robotics Engineer,2,Bachelor,Finance,88608.09862371293
AI Specialist,12,Master,Education,168732.2135936698
Head of AI,0,PhD,Transportation,57714.57355521717
AI Research Scientist,8,PhD,Media,112024.06686648603
Autonomous Systems Engineer,2,Bachelor,Finance,79682.69052829786
AI Software Engineer,16,Bachelor,Government,169994.67439857803
AI Product Manager,8,PhD,Automotive,122655.20233649739
Machine Learning Engineer,1,Associate,Real Estate,63777.95199358448
Computer Vision Engineer,4,PhD,Retail,88735.1215391334
AI Research Scientist,4,Bachelor,Technology,90920.34878394211
Computer Vision Engineer,9,Master,Automotive,142340.29379532335
Data Scientist,2,Bachelor,Education,79986.74017260487
AI Consultant,1,Master,Finance,56824.21581702549
Head of AI,1,PhD,Retail,65809.97565707171
Principal Data Scientist,9,Bachelor,Real Estate,142175.1607058904
AI Product Manager,13,PhD,Education,169814.72427125767
AI Software Engineer,16,PhD,Transportation,184469.7526301124
AI Product Manager,12,Bachelor,Telecommunications,213431.9779640917
Head of AI,1,PhD,Consulting,57977.58352991776
Machine Learning Engineer,7,PhD,Technology,109596.21031887154
Head of AI,1,Master,Real Estate,56580.1414500531
ML Ops Engineer,0,Master,Automotive,56486.30671204875
Head of AI,5,Master,Retail,111949.67586874196
Head of AI,9,Bachelor,Consulting,141867.8574226691
Data Scientist,0,Bachelor,Manufacturing,74071.81550714267
Research Scientist,4,PhD,Energy,79095.19637539648
AI Architect,13,Associate,Manufacturing,193562.55162197846
AI Product Manager,1,PhD,Gaming,56637.453628646625
Head of AI,13,Bachelor,Automotive,190553.41924686581
Robotics Engineer,8,Associate,Technology,123894.7665665453
Head of AI,2,Bachelor,Real Estate,79545.76408885732
AI Research Scientist,0,PhD,Finance,57608.87627902486
Principal Data Scientist,2,Bachelor,Automotive,102043.77693819648
Research Scientist,13,Associate,Consulting,172797.58787145364
AI Software Engineer,19,Bachelor,Consulting,214757.05901145702
Data Engineer,3,Associate,Consulting,80788.8736907471
Data Engineer,1,Bachelor,Healthcare,65564.06549649141
AI Software Engineer,6,Master,Education,141641.0916510863
AI Product Manager,5,Associate,Consulting,110650.3634319124
Robotics Engineer,4,PhD,Consulting,100985.52056773112
Deep Learning Engineer,7,Associate,Gaming,142174.78909015554
Data Engineer,12,Master,Gaming,219047.8570415529
Data Engineer,5,Master,Retail,143307.2586010064
Head of AI,8,Associate,Healthcare,123440.67849066023
Deep Learning Engineer,15,PhD,Media,192613.9466669629
NLP Engineer,7,Master,Transportation,111080.86254165502
ML Ops Engineer,5,PhD,Finance,111453.13038276324
NLP Engineer,14,Associate,Technology,221369.61639269008
AI Product Manager,2,Bachelor,Media,79210.60380709931
Principal Data Scientist,6,Bachelor,Transportation,141461.44459783199
Computer Vision Engineer,2,Bachelor,Government,88765.83476195385
AI Architect,14,Associate,Retail,224997.12648500814
AI Software Engineer,2,Associate,Healthcare,79831.24149860867
Deep Learning Engineer,1,PhD,Transportation,57205.05232789932
Autonomous Systems Engineer,4,PhD,Government,78277.00532020695
Data Analyst,7,Master,Healthcare,119501.33081059923
Data Scientist,2,Associate,Real Estate,100850.88734789815
AI Architect,2,Master,Transportation,88563.06480947848
AI Consultant,11,PhD,Gaming,187416.03668000054
AI Consultant,7,PhD,Media,119004.165590446
Data Analyst,1,Associate,Government,63041.06329400498
AI Product Manager,0,PhD,Healthcare,64581.942635018684
Robotics Engineer,0,PhD,Consulting,56969.60326200314
Research Scientist,3,PhD,Energy,79095.19637539648
Data Analyst,1,Master,Energy,71974.6070333628
Machine Learning Engineer,2,Master,Manufacturing,78660.28815375922
Autonomous Systems Engineer,9,Associate,Telecommunications,139783.20034307265
AI Consultant,9,Associate,Healthcare,111880.89830379699
ML Ops Engineer,13,Associate,Media,219161.41723614957
Head of AI,17,Master,Government,187251.47785539593
Head of AI,4,Associate,Manufacturing,88511.4495333925
Deep Learning Engineer,4,PhD,Education,100441.62471085708
Head of AI,0,PhD,Gaming,57233.617741417154
AI Specialist,12,Associate,Manufacturing,191309.57479656162
Principal Data Scientist,9,Bachelor,Finance,114359.71979216867
ML Ops Engineer,15,PhD,Healthcare,185796.3249609557
Autonomous Systems Engineer,12,Master,Gaming,190291.79988804652
Autonomous Systems Engineer,14,PhD,Healthcare,218096.81707404376
Robotics Engineer,8,Associate,Gaming,114155.22610694214
AI Software Engineer,1,Associate,Media,64006.82691809111
Head of AI,0,PhD,Finance,58353.84657223888
Machine Learning Engineer,7,Associate,Telecommunications,108949.04821454764
NLP Engineer,3,Master,Automotive,79179.16911083179
Robotics Engineer,3,PhD,Manufacturing,88058.35162860942
Data Engineer,16,Associate,Automotive,191056.23823797656
Machine Learning Researcher,16,Master,Gaming,172933.37641252085
Machine Learning Engineer,19,Master,Finance,187580.96379539755
Robotics Engineer,1,PhD,Transportation,57232.61323670374
Principal Data Scientist,17,Master,Finance,218275.5819604532
Principal Data Scientist,0,Master,Transportation,63863.555512260165
AI Research Scientist,15,Bachelor,Education,168913.22387516615
Data Engineer,1,Bachelor,Telecommunications,59501.43856732197
Head of AI,0,Associate,Telecommunications,57971.19604678701
AI Architect,8,Master,Consulting,112351.19494022559
AI Research Scientist,13,Master,Consulting,173339.17907156755
Computer Vision Engineer,9,PhD,Finance,122186.3983329509
Head of AI,2,PhD,Government,78690.10343385515
AI Product Manager,19,PhD,Automotive,169407.89660260102
Machine Learning Engineer,6,PhD,Retail,109756.78858761895
AI Software Engineer,3,Bachelor,Healthcare,79927.89058892908
Autonomous Systems Engineer,0,Associate,Healthcare,56466.85728554818
Research Scientist,5,PhD,Healthcare,111278.31533927807
Research Scientist,13,Master,Healthcare,187374.01889299863
AI Product Manager,13,Associate,Manufacturing,219462.7065319274
Machine Learning Researcher,5,Associate,Manufacturing,110969.95185409092
Principal Data Scientist,2,Associate,Education,88511.4495333925
AI Software Engineer,8,Bachelor,Consulting,141571.95865131216
Machine Learning Engineer,5,Master,Gaming,111477.1420817142
AI Software Engineer,11,Bachelor,Transportation,216914.65509638842
Deep Learning Engineer,8,Bachelor,Technology,142647.82137717257
Machine Learning Engineer,16,PhD,Healthcare,184602.03011170356
ML Ops Engineer,7,PhD,Finance,120751.30107231303
Autonomous Systems Engineer,0,Bachelor,Consulting,56350.5551124931
Data Analyst,3,Bachelor,Telecommunications,98488.99577554458
AI Specialist,13,Associate,Government,188999.22027920614
NLP Engineer,15,Master,Technology,173727.3132089101
Robotics Engineer,8,Master,Technology,112760.9853834579
AI Consultant,0,PhD,Gaming,62865.12431552772
NLP Engineer,8,Associate,Media,113194.05669098475
ML Ops Engineer,0,Bachelor,Healthcare,64130.47206627687
AI Research Scientist,0,PhD,Finance,64346.85206221456
Robotics Engineer,9,Master,Finance,122469.22877403769
Data Scientist,18,PhD,Healthcare,167421.02908795775
AI Architect,10,Associate,Energy,191669.08632374147
AI Architect,0,Bachelor,Energy,63739.21026066057
AI Software Engineer,4,Associate,Gaming,88030.49371959249
NLP Engineer,9,Bachelor,Consulting,123049.08487422836
Principal Data Scientist,15,Bachelor,Transportation,220208.0058062391
Data Scientist,5,Bachelor,Finance,140106.8081234477
Head of AI,0,Master,Finance,63863.555512260165
Head of AI,8,Associate,Education,140696.11069921966
AI Software Engineer,17,Master,Real Estate,184634.6969040607
Research Scientist,1,Associate,Healthcare,74800.54768283363
AI Consultant,1,PhD,Technology,74054.7448542194
Machine Learning Engineer,6,Master,Energy,119166.29225135295
Machine Learning Engineer,4,Associate,Manufacturing,87641.14038196983
Data Scientist,2,Bachelor,Automotive,88389.15369405718
AI Software Engineer,15,Master,Finance,185946.87792045137
Machine Learning Engineer,6,Master,Retail,140606.2408889262
Research Scientist,2,PhD,Energy,79095.19637539648
Autonomous Systems Engineer,1,Associate,Gaming,63641.33030367731
AI Software Engineer,16,Master,Technology,217533.76032116148
Data Scientist,6,Master,Gaming,113988.59164476959
Research Scientist,6,Master,Automotive,121285.63822356088
AI Consultant,17,Associate,Energy,167875.86851353978
Head of AI,7,Master,Technology,121488.2195892849
Robotics Engineer,8,Master,Transportation,122553.51910724828
AI Software Engineer,3,Associate,Education,88511.4495333925
Machine Learning Engineer,4,Bachelor,Government,87790.41338238561
AI Architect,10,PhD,Telecommunications,189466.25457214704
Principal Data Scientist,6,Associate,Gaming,113252.80361042224
AI Specialist,13,Bachelor,Transportation,219721.48672726064
Principal Data Scientist,6,Master,Transportation,121034.13151339983
Data Analyst,13,Bachelor,Consulting,216388.49948296306
Principal Data Scientist,4,PhD,Government,79567.37115609643
AI Product Manager,3,Master,Government,101994.5173343986
Data Analyst,2,Master,Manufacturing,78199.82600340896
Data Engineer,4,Associate,Government,100307.4957844068
Computer Vision Engineer,3,Master,Telecommunications,100890.8569881432
Research Scientist,19,PhD,Healthcare,166787.16034061153
Machine Learning Engineer,16,Bachelor,Manufacturing,218300.8747367761
AI Research Scientist,0,Bachelor,Consulting,64000.7538901851
AI Software Engineer,1,PhD,Manufacturing,76325.45172488662
Machine Learning Researcher,4,Associate,Media,100479.40086837637
Computer Vision Engineer,4,Bachelor,Real Estate,101089.22578267203
AI Software Engineer,0,Master,Manufacturing,57280.62980864907
Research Scientist,19,Associate,Education,180603.2412930351
Autonomous Systems Engineer,4,Bachelor,Energy,78831.48810681104
AI Research Scientist,1,Master,Media,63836.55945439482
Computer Vision Engineer,5,PhD,Telecommunications,120483.73514038353
AI Software Engineer,4,PhD,Government,102108.14524488023
Data Engineer,1,Associate,Retail,59212.00932857833
Autonomous Systems Engineer,4,Bachelor,Real Estate,88264.37655383693
AI Architect,5,Associate,Real Estate,120837.31048340336
AI Research Scientist,17,Master,Retail,186629.34690027608
Principal Data Scientist,7,Associate,Consulting,141154.14131461072
AI Architect,1,Bachelor,Real Estate,64446.189544063476
AI Specialist,13,Bachelor,Transportation,219721.48672726064
Data Engineer,0,Bachelor,Automotive,65301.05552179082
Autonomous Systems Engineer,0,Master,Consulting,55814.78489777134
Head of AI,17,PhD,Gaming,189315.35520405075
AI Specialist,18,Associate,Telecommunications,168740.21804845438
Robotics Engineer,19,Associate,Media,187476.85531684454
AI Software Engineer,1,Bachelor,Technology,57587.17268989159
Deep Learning Engineer,14,Master,Technology,177323.1755739316
ML Ops Engineer,7,Master,Finance,121034.13151339983
AI Product Manager,7,PhD,Automotive,142276.36698052307
Autonomous Systems Engineer,8,Associate,Healthcare,112735.48614008284
Machine Learning Engineer,0,Master,Education,56219.19794062091
AI Architect,6,Associate,Healthcare,121734.73573812642
AI Consultant,7,PhD,Consulting,109309.70955771298
AI Product Manager,17,Associate,Education,214169.20759761613
Machine Learning Researcher,18,Master,Finance,215649.68532211074
Data Engineer,6,Associate,Real Estate,122683.43645385811
Machine Learning Researcher,7,PhD,Finance,111880.59772841679
Computer Vision Engineer,8,Bachelor,Manufacturing,142259.45103910097
NLP Engineer,10,Master,Healthcare,216135.47901876637
Deep Learning Engineer,4,Associate,Transportation,79590.72932642873
Head of AI,1,Associate,Healthcare,57401.38907452622
AI Specialist,0,PhD,Manufacturing,65726.52313950036
Machine Learning Researcher,7,Associate,Energy,121744.21620470588
Deep Learning Engineer,0,Bachelor,Retail,58872.891933362174
Deep Learning Engineer,0,Bachelor,Healthcare,74316.96235047892
AI Specialist,3,Master,Government,101754.58006513881
Data Analyst,11,Associate,Technology,218565.7885489826
Autonomous Systems Engineer,2,Associate,Finance,88336.90270021277
AI Consultant,6,PhD,Government,137997.6131121022
AI Product Manager,17,PhD,Healthcare,217369.6302223741
AI Consultant,9,Bachelor,Finance,112307.22005744319
AI Research Scientist,4,PhD,Finance,101372.73034647577
AI Software Engineer,4,PhD,Manufacturing,102172.03569022073
AI Product Manager,0,Bachelor,Technology,56883.019418986616
Research Scientist,4,Bachelor,Government,101446.01728418883
NLP Engineer,17,Master,Transportation,169893.78681858905
Machine Learning Engineer,18,Bachelor,Automotive,217425.3647229222
Principal Data Scientist,4,PhD,Retail,80228.7497189288
AI Consultant,7,Associate,Manufacturing,119765.71751647713
Machine Learning Researcher,16,Bachelor,Consulting,217801.0959080963
AI Consultant,0,Bachelor,Technology,63254.26951739502
Robotics Engineer,3,Associate,Healthcare,101161.75192904787
AI Product Manager,0,Bachelor,Technology,64490.13202308597
AI Consultant,0,Associate,Gaming,72434.29702585787
AI Software Engineer,7,Associate,Automotive,110894.23906438344
Principal Data Scientist,3,Associate,Transportation,101161.75192904787
Autonomous Systems Engineer,2,Associate,Real Estate,100987.20509586812
AI Specialist,6,Associate,Education,142021.51408894305
AI Specialist,0,Bachelor,Manufacturing,58134.83145003964
ML Ops Engineer,9,Associate,Technology,113563.85443365925
AI Research Scientist,8,Bachelor,Healthcare,123440.67849066023
AI Product Manager,0,Master,Government,74553.88021575601
Robotics Engineer,19,PhD,Education,167082.82149736848
AI Architect,3,Bachelor,Energy,102044.94693215007
NLP Engineer,2,PhD,Media,78090.71385551293
Robotics Engineer,1,PhD,Consulting,64480.143860823395
NLP Engineer,1,Master,Energy,55979.89297827329
AI Architect,10,PhD,Transportation,224020.42483169306
Deep Learning Engineer,13,Master,Education,192315.3855104362
AI Consultant,1,PhD,Retail,64698.79075885377
AI Software Engineer,4,Bachelor,Finance,80354.21234257528
Data Engineer,1,PhD,Energy,76269.31185238213
AI Software Engineer,8,PhD,Manufacturing,141115.85682959278
Computer Vision Engineer,6,Bachelor,Government,113211.9488081735
ML Ops Engineer,11,Associate,Media,190215.20587312354
Deep Learning Engineer,2,PhD,Retail,102530.05218643435
AI Architect,0,Associate,Telecommunications,58349.35794964681
Principal Data Scientist,17,PhD,Energy,189542.11311887912
Head of AI,3,PhD,Healthcare,88058.35162860942
Machine Learning Engineer,9,Associate,Technology,122238.85670896352
AI Specialist,12,Master,Media,170608.4686822394
Robotics Engineer,7,Master,Manufacturing,121034.13151339983
Machine Learning Engineer,1,Associate,Consulting,64309.734837798365
AI Software Engineer,0,Associate,Technology,57844.320317055426
AI Consultant,11,Associate,Retail,216773.80556814926
Head of AI,12,Associate,Government,190745.68174615467
Machine Learning Researcher,4,Master,Finance,101123.54759391562
Autonomous Systems Engineer,3,Associate,Education,78946.76842095572
AI Research Scientist,9,Bachelor,Real Estate,142175.1607058904
ML Ops Engineer,4,Master,Real Estate,79009.99387413554
AI Architect,11,PhD,Transportation,192054.34842373748
Machine Learning Researcher,2,Associate,Education,100769.40690094231
Head of AI,1,Associate,Real Estate,64296.83295065706
NLP Engineer,18,Associate,Media,169875.2944153273
AI Consultant,2,PhD,Real Estate,78162.78954630319
Research Scientist,13,PhD,Government,189077.34875087725
ML Ops Engineer,13,PhD,Energy,169735.08832436588
Data Engineer,14,Associate,Media,217530.54257935396
Data Scientist,4,Bachelor,Transportation,88389.15369405718
Principal Data Scientist,14,PhD,Telecommunications,216406.08197241987
ML Ops Engineer,0,PhD,Government,63784.61844609539
AI Specialist,7,Master,Technology,112540.09838576018
Deep Learning Engineer,3,Bachelor,Media,78881.7536025171
Data Engineer,3,Associate,Manufacturing,89682.03298890647
Principal Data Scientist,14,Master,Education,172901.6090187126
AI Architect,7,PhD,Consulting,141638.36902542907
Machine Learning Researcher,16,Bachelor,Healthcare,215638.5731137328
Robotics Engineer,2,Associate,Healthcare,88511.4495333925
AI Architect,9,PhD,Consulting,111984.0741659282
AI Software Engineer,2,PhD,Real Estate,78727.16343304876
AI Architect,4,Master,Automotive,79401.05185061405
Principal Data Scientist,16,Bachelor,Healthcare,218350.0858273665
Head of AI,7,PhD,Government,120189.06745619386
Data Scientist,4,Associate,Technology,79541.7130593152
Computer Vision Engineer,0,Associate,Consulting,57418.67437666258
Data Scientist,3,PhD,Energy,79115.49051228672
AI Product Manager,9,Associate,Telecommunications,140757.7539366232
NLP Engineer,11,Associate,Automotive,219608.57978123552
AI Consultant,9,Master,Education,136930.60689160755
Data Engineer,3,PhD,Media,89029.87823958264
AI Software Engineer,2,Master,Manufacturing,88341.18206969622
Research Scientist,6,Associate,Gaming,142492.01353813004
Data Analyst,1,Bachelor,Consulting,72455.0321657916
ML Ops Engineer,9,Bachelor,Healthcare,142175.1607058904
Head of AI,4,PhD,Real Estate,100946.06350712663
Principal Data Scientist,0,Associate,Energy,56669.52264955248
ML Ops Engineer,17,Associate,Media,215563.10486683785
Robotics Engineer,9,Bachelor,Transportation,142175.1607058904
AI Consultant,6,Bachelor,Education,110248.84659087361
Data Analyst,0,Bachelor,Transportation,72321.74036718276
AI Specialist,4,Associate,Automotive,82854.32250302134
Principal Data Scientist,10,Bachelor,Telecommunications,211623.59363588464
AI Product Manager,1,Master,Government,64862.681801991086
AI Product Manager,9,Bachelor,Government,142071.27592229214
Machine Learning Researcher,1,PhD,Media,74245.16758243676
AI Research Scientist,5,PhD,Education,110813.85736574151
AI Product Manager,3,Associate,Retail,80772.56759292462
Data Analyst,9,Bachelor,Gaming,122602.64968478603
Head of AI,6,PhD,Education,120751.30107231303
Data Engineer,0,PhD,Consulting,65478.66652966193
NLP Engineer,10,Associate,Transportation,217654.32220372034
ML Ops Engineer,3,Master,Education,79179.16911083179
AI Product Manager,2,Associate,Manufacturing,101961.75868941867
Head of AI,8,Master,Telecommunications,122134.6283815333
Data Analyst,2,Bachelor,Retail,100496.1539210867
AI Consultant,7,Bachelor,Retail,125880.95829926012
Deep Learning Engineer,13,PhD,Media,226379.91364112345
Deep Learning Engineer,4,Bachelor,Manufacturing,100961.30574599159
ML Ops Engineer,2,PhD,Automotive,88058.35162860942
Data Analyst,9,Associate,Government,139738.46845912075
AI Specialist,13,PhD,Real Estate,222461.14480261164
Autonomous Systems Engineer,15,Master,Technology,185491.86509913974
Computer Vision Engineer,8,Associate,Finance,123440.67849066023
Deep Learning Engineer,0,Master,Finance,74574.4539531318
Research Scientist,4,Bachelor,Technology,80420.5341115997
Principal Data Scientist,6,PhD,Transportation,120751.30107231303
Head of AI,8,Associate,Gaming,143038.51326923794
AI Software Engineer,17,Master,Government,167361.01300719279
Data Engineer,4,PhD,Retail,89775.02759909112
AI Architect,11,PhD,Consulting,224882.0032071588
Deep Learning Engineer,0,Associate,Retail,58776.242843041764
Machine Learning Engineer,9,Associate,Technology,141057.62925740427
Autonomous Systems Engineer,6,PhD,Automotive,110126.51028629081
Machine Learning Researcher,5,Bachelor,Finance,112446.16998869355
Robotics Engineer,4,PhD,Consulting,100985.52056773112
Head of AI,4,PhD,Transportation,101115.23874382288
Machine Learning Engineer,18,Master,Consulting,215712.4426914775
Data Scientist,6,PhD,Media,120532.3561426573
Computer Vision Engineer,1,PhD,Technology,65133.574408917055
NLP Engineer,3,Master,Healthcare,101258.40101936828
Research Scientist,6,Master,Education,141501.1463770654
AI Architect,14,Bachelor,Gaming,176483.99343662866
AI Specialist,14,Associate,Education,186522.26479288004
Robotics Engineer,0,Associate,Telecommunications,65079.59118629334
AI Research Scientist,8,Bachelor,Healthcare,123440.67849066023
NLP Engineer,6,Bachelor,Telecommunications,139244.03106819402
AI Architect,8,Master,Consulting,112351.19494022559
Head of AI,17,Associate,Finance,187946.374739519
Autonomous Systems Engineer,10,Bachelor,Manufacturing,217479.77537054056
ML Ops Engineer,4,Master,Finance,88341.18206969622
Deep Learning Engineer,3,Master,Finance,81532.0817970534
AI Research Scientist,1,Associate,Government,74485.15052733208
Machine Learning Engineer,15,Bachelor,Manufacturing,217866.55374519344
NLP Engineer,6,Master,Gaming,143848.67829152299
ML Ops Engineer,8,PhD,Media,141496.04593416033
Machine Learning Engineer,3,Associate,Energy,100590.22196746574
AI Product Manager,2,Bachelor,Retail,80869.21668324503
Robotics Engineer,11,Associate,Energy,218770.55485789778
Machine Learning Engineer,19,PhD,Education,167082.82149736848
AI Architect,12,Associate,Gaming,223105.44268588384
ML Ops Engineer,14,Associate,Retail,175184.43767482
AI Research Scientist,1,Master,Energy,74035.54675447242
AI Architect,1,Bachelor,Finance,64615.36478075973
Deep Learning Engineer,8,Associate,Education,110995.25914714669
Machine Learning Engineer,7,Bachelor,Government,139858.15865034558
ML Ops Engineer,0,Associate,Transportation,64033.82297595646
Principal Data Scientist,18,Associate,Education,187606.35726339504
AI Product Manager,10,Master,Real Estate,217585.68932576987
Data Engineer,9,PhD,Transportation,113133.59703309725
Data Engineer,2,Master,Education,102311.7070977712
Deep Learning Engineer,11,Bachelor,Technology,197224.38262162346
Robotics Engineer,4,Associate,Media,78812.6654210011
AI Product Manager,11,PhD,Consulting,188623.7089711465
Machine Learning Researcher,8,Associate,Government,142638.8532045873
Research Scientist,7,Master,Government,141437.2559317249
AI Consultant,4,Bachelor,Telecommunications,87899.74065716818
Research Scientist,0,Associate,Energy,63515.905977641414
AI Specialist,11,Associate,Energy,219330.6243490088
Principal Data Scientist,0,Bachelor,Transportation,64130.47206627687
Machine Learning Engineer,19,PhD,Technology,190354.41347025987
Machine Learning Engineer,18,Master,Energy,215956.99304478447
Principal Data Scientist,0,Bachelor,Real Estate,74213.50485159614
Data Analyst,2,Associate,Transportation,78638.94712781033
AI Software Engineer,0,Master,Telecommunications,65703.64681919738
AI Software Engineer,0,PhD,Healthcare,78263.31552175543
Autonomous Systems Engineer,0,PhD,Transportation,64172.30522903482
Autonomous Systems Engineer,3,Master,Consulting,78507.64729655435
AI Consultant,1,PhD,Telecommunications,63901.50407037043
AI Consultant,1,Master,Government,63061.903108733444
Research Scientist,9,Bachelor,Education,141678.76923924536
AI Software Engineer,16,Bachelor,Gaming,220352.89494990982
Deep Learning Engineer,4,Associate,Finance,101353.5257938873
ML Ops Engineer,1,Master,Media,63836.55945439482
Data Scientist,1,Master,Consulting,57021.11753380065
Deep Learning Engineer,7,Bachelor,Healthcare,111744.97438117045
AI Architect,8,Associate,Manufacturing,113415.93943076703
AI Software Engineer,1,Bachelor,Healthcare,64393.48204097747
Data Analyst,5,Master,Energy,109905.41529494038
Machine Learning Engineer,1,Bachelor,Education,56766.205944398556
AI Research Scientist,9,PhD,Healthcare,112152.72779665094
Principal Data Scientist,0,Master,Gaming,63382.59969846016
AI Software Engineer,16,Bachelor,Retail,171655.6782152967
Data Engineer,3,Bachelor,Education,89778.68207922688
Robotics Engineer,1,Bachelor,Healthcare,57498.038164846635
Computer Vision Engineer,1,PhD,Media,74978.64874592284
Principal Data Scientist,0,Bachelor,Finance,74640.17169094528
Deep Learning Engineer,17,PhD,Consulting,172950.3452952353
Principal Data Scientist,9,Bachelor,Transportation,123356.38815744963
AI Software Engineer,0,Associate,Transportation,64828.14607255678
NLP Engineer,9,Associate,Healthcare,123356.38815744963
Machine Learning Researcher,8,Bachelor,Retail,124896.48218109067
AI Research Scientist,1,Associate,Gaming,63815.877136857045
AI Architect,16,Master,Telecommunications,190310.949096843
Data Engineer,18,Master,Consulting,188200.8896386613
Robotics Engineer,9,Master,Consulting,141247.61459327387
AI Software Engineer,2,Associate,Automotive,79618.29023523317
Machine Learning Engineer,2,PhD,Retail,101051.50111369285
Robotics Engineer,0,Master,Gaming,74046.94182886812
Data Analyst,2,PhD,Education,98713.37753122425
Machine Learning Engineer,17,Master,Technology,218588.99701792037
Data Scientist,1,PhD,Healthcare,74957.79019733907
Machine Learning Engineer,0,Master,Media,73573.79309865387
Data Scientist,12,PhD,Automotive,189164.48449271137
ML Ops Engineer,3,Associate,Education,88511.4495333925
AI Research Scientist,19,Master,Media,186589.6959334326
Deep Learning Engineer,13,Associate,Real Estate,214669.67692542123
Data Scientist,10,Master,Telecommunications,211228.22145409466
AI Architect,3,Bachelor,Technology,101047.96479904349
Data Engineer,15,Bachelor,Education,170758.977991074
Machine Learning Engineer,2,Bachelor,Automotive,79196.058368481
Machine Learning Researcher,17,Bachelor,Technology,172409.2364290577
Data Analyst,5,PhD,Gaming,121224.08210994522
Research Scientist,1,Bachelor,Technology,75199.28256157448
ML Ops Engineer,0,PhD,Media,56163.97844777111
Deep Learning Engineer,1,PhD,Consulting,75202.93704067532
Machine Learning Engineer,0,PhD,Education,63200.35575884695
Data Scientist,4,Master,Technology,87773.85911707122
AI Product Manager,7,Master,Media,111382.15183743283
AI Software Engineer,7,Master,Technology,142095.17972697134
AI Research Scientist,11,Master,Finance,172201.62609971373
Research Scientist,8,Bachelor,Transportation,124507.62736389654
Principal Data Scientist,4,Associate,Government,101097.86148370737
Autonomous Systems Engineer,4,Associate,Finance,88336.90270021277
Autonomous Systems Engineer,6,Associate,Telecommunications,139069.48423501427
Principal Data Scientist,1,Associate,Technology,74851.12676109304
ML Ops Engineer,4,Master,Finance,88341.18206969622
Data Analyst,19,Master,Real Estate,196756.57862529956
AI Product Manager,6,Associate,Telecommunications,121358.23380424503
AI Architect,3,Bachelor,Government,88766.09091815469
Data Engineer,7,Bachelor,Media,122683.43645385811
Deep Learning Engineer,15,Bachelor,Government,222537.65457410514
ML Ops Engineer,7,Master,Energy,108851.48731198096
ML Ops Engineer,4,Associate,Manufacturing,101161.75192904787
AI Research Scientist,1,PhD,Education,64609.86203691516
ML Ops Engineer,6,Associate,Gaming,142240.506827969
AI Architect,1,Bachelor,Real Estate,57337.79440455714
Data Engineer,16,Master,Healthcare,214274.9236855841
AI Specialist,15,Associate,Manufacturing,190014.71130560548
AI Research Scientist,2,Associate,Healthcare,79831.24149860867
Head of AI,2,PhD,Government,101051.3482984824
AI Software Engineer,0,Associate,Finance,58359.02395007216
Robotics Engineer,0,Master,Healthcare,56699.25797542425
Data Scientist,6,Associate,Manufacturing,141150.58001668227
Principal Data Scientist,1,Master,Transportation,57262.83520832779
AI Architect,9,Master,Transportation,122691.11151381995
Machine Learning Engineer,17,Bachelor,Retail,218763.6374250396
Machine Learning Researcher,10,Associate,Government,173334.87747085592
ML Ops Engineer,6,Master,Real Estate,121034.13151339983
AI Consultant,2,Associate,Media,87220.67156793975
Principal Data Scientist,0,Bachelor,Real Estate,63961.29682958062
Data Scientist,4,PhD,Media,78362.51470256425
Deep Learning Engineer,7,Associate,Government,112377.85373848071
Machine Learning Researcher,1,Master,Education,56356.97165864379
NLP Engineer,18,PhD,Telecommunications,215571.81986980827
AI Software Engineer,17,PhD,Government,217463.18784883252
Autonomous Systems Engineer,1,Associate,Gaming,74038.75588006858
Machine Learning Researcher,4,Bachelor,Transportation,100866.05599126272
Robotics Engineer,11,Associate,Technology,221031.4030189478
Head of AI,2,Bachelor,Energy,101205.7520148587
AI Architect,8,Master,Manufacturing,112528.78004735509
Data Scientist,2,Associate,Telecommunications,88584.91857007885
Research Scientist,0,PhD,Automotive,64598.358772375606
ML Ops Engineer,3,PhD,Energy,76826.24384002647
Principal Data Scientist,10,Master,Real Estate,187984.723969682
Data Engineer,7,Bachelor,Retail,143527.26175583855
AI Research Scientist,10,PhD,Manufacturing,170619.61147021526
Robotics Engineer,3,Master,Government,101194.51057402778
Machine Learning Engineer,6,Associate,Healthcare,139805.5347402502
Principal Data Scientist,5,Bachelor,Transportation,141400.96446068984
AI Specialist,2,PhD,Retail,102130.45156187646
AI Consultant,19,Associate,Finance,169388.44759606948
AI Software Engineer,1,Bachelor,Gaming,56804.13108767112
NLP Engineer,6,PhD,Retail,111412.69844520073
NLP Engineer,8,Associate,Manufacturing,142259.45103910097
ML Ops Engineer,0,PhD,Energy,72935.54997406964
Research Scientist,0,PhD,Retail,65053.50209931813
Deep Learning Engineer,9,Master,Transportation,122050.51946455894
AI Research Scientist,8,PhD,Transportation,141496.04593416033
Principal Data Scientist,7,PhD,Automotive,111675.2998228095
Machine Learning Engineer,1,Associate,Healthcare,56882.508117453646
Machine Learning Engineer,1,Master,Finance,63607.68452988819
Principal Data Scientist,2,PhD,Finance,88058.35162860942
AI Product Manager,19,PhD,Healthcare,185373.73277253108
AI Architect,8,Master,Media,138624.72913437535
Robotics Engineer,2,Bachelor,Government,101194.51057402778
AI Architect,14,Bachelor,Gaming,176483.99343662866
AI Architect,14,Master,Energy,222114.9699548665
AI Product Manager,1,Master,Gaming,75109.95856393955
AI Architect,0,PhD,Transportation,64725.01396507435
AI Product Manager,0,Associate,Gaming,63787.95773496057
AI Software Engineer,18,Bachelor,Healthcare,166511.5549500353
AI Specialist,10,Associate,Gaming,170542.82791069843
AI Product Manager,1,PhD,Consulting,57118.40944244663
AI Consultant,7,Master,Transportation,119286.9960315328
Machine Learning Researcher,16,Associate,Retail,173710.13601475506
AI Software Engineer,6,Bachelor,Transportation,120847.50803612823
Research Scientist,2,Master,Real Estate,88423.51354316101
Data Engineer,4,Master,Gaming,79868.79675254574
AI Architect,8,Master,Media,138624.72913437535
AI Architect,9,Master,Technology,141344.48165617036
ML Ops Engineer,11,Bachelor,Gaming,190532.78677023613
AI Product Manager,11,PhD,Telecommunications,170107.99465452423
NLP Engineer,2,Bachelor,Education,88608.09862371293
Robotics Engineer,0,PhD,Technology,75130.21418779316
AI Consultant,1,Master,Education,56184.942800003766
AI Research Scientist,12,Associate,Healthcare,172111.68259165372
Data Scientist,2,Master,Automotive,88122.23714004048
Autonomous Systems Engineer,1,Associate,Gaming,63641.33030367731
AI Architect,1,Master,Gaming,75149.1467208601
Deep Learning Engineer,7,PhD,Energy,120732.12574042867
Deep Learning Engineer,1,Associate,Government,74419.43278951861
Machine Learning Researcher,0,Associate,Finance,63641.477947850915
Autonomous Systems Engineer,7,PhD,Consulting,140624.62727495795
Research Scientist,8,PhD,Consulting,123030.33425617653
AI Research Scientist,2,Associate,Telecommunications,100794.2078978228
Autonomous Systems Engineer,2,Master,Media,77702.0224823223
Data Engineer,18,PhD,Retail,192742.84546880808
Principal Data Scientist,8,Bachelor,Energy,123228.74908619512
Machine Learning Engineer,4,Master,Finance,87470.87291827354
AI Product Manager,13,Associate,Manufacturing,190854.70854264364
ML Ops Engineer,2,Bachelor,Automotive,79714.93932555357
AI Software Engineer,0,Master,Telecommunications,58326.398018985965
Research Scientist,10,Master,Healthcare,170255.34826590435
AI Research Scientist,1,Associate,Retail,72762.89588251838
AI Software Engineer,12,PhD,Finance,170348.4602663503
Machine Learning Engineer,4,Master,Education,100388.0918679456
NLP Engineer,13,PhD,Healthcare,187091.18845191185
Autonomous Systems Engineer,4,Associate,Finance,88336.90270021277
Machine Learning Engineer,17,Associate,Technology,172779.29708164572
ML Ops Engineer,17,PhD,Healthcare,217403.20283113478
AI Architect,6,PhD,Manufacturing,111019.9148403505
AI Consultant,13,Bachelor,Media,170863.0287835686
Robotics Engineer,0,PhD,Government,63784.61844609539
Research Scientist,6,PhD,Transportation,121002.80778247408
Deep Learning Engineer,8,Master,Technology,112733.42447465348
Data Scientist,1,PhD,Energy,64338.26810274985
NLP Engineer,0,Bachelor,Retail,75235.66815020604
AI Research Scientist,2,Master,Consulting,88211.46389360445
AI Consultant,1,Associate,Real Estate,56624.06392440515
Machine Learning Researcher,16,PhD,Manufacturing,186524.21042957075
AI Specialist,5,Bachelor,Telecommunications,109198.25216818153
AI Consultant,2,Associate,Transportation,99645.75621635802
Head of AI,4,Master,Manufacturing,101258.40101936828
AI Specialist,16,PhD,Healthcare,165300.54042238562
Research Scientist,1,Bachelor,Education,64644.98875113852
Computer Vision Engineer,14,Bachelor,Automotive,190553.41924686581
Data Analyst,4,PhD,Retail,87767.32030515478
AI Product Manager,4,Bachelor,Finance,80655.50163835307
AI Architect,2,Master,Automotive,102882.97185548785
AI Specialist,5,Bachelor,Media,119705.9113942535
Data Engineer,8,Master,Manufacturing,113409.76861936942
AI Specialist,9,Master,Real Estate,120989.68386110589
Principal Data Scientist,15,Master,Government,223617.41376335977
Principal Data Scientist,15,Master,Real Estate,215283.3119664805
NLP Engineer,19,Associate,Transportation,170866.56227729225
Computer Vision Engineer,1,Bachelor,Government,59430.698223257736
AI Consultant,2,Master,Media,99452.3992741125
Machine Learning Engineer,9,PhD,Manufacturing,139840.13607657855
AI Software Engineer,1,Associate,Manufacturing,75605.83791907041
AI Architect,15,PhD,Transportation,191167.1460158101
ML Ops Engineer,1,Bachelor,Consulting,74515.97188690121
AI Architect,3,PhD,Gaming,101618.69540168998
Data Analyst,14,Master,Automotive,187200.64539348864
NLP Engineer,6,PhD,Technology,121205.38914819811
Machine Learning Researcher,9,PhD,Technology,142309.13628766165
Data Scientist,7,PhD,Manufacturing,140795.61281020925
Robotics Engineer,2,Bachelor,Consulting,79714.93932555357
AI Consultant,18,Bachelor,Energy,167875.86851353978
NLP Engineer,16,PhD,Education,224032.457024809
Data Scientist,1,Master,Gaming,63426.66474350502
ML Ops Engineer,16,PhD,Manufacturing,186894.27108215878
AI Software Engineer,0,PhD,Finance,65141.17515881488
ML Ops Engineer,7,Master,Finance,121034.13151339983
Head of AI,6,Bachelor,Manufacturing,141461.44459783199
Data Analyst,5,Associate,Real Estate,109547.31613584126
AI Architect,4,PhD,Finance,88280.23436839168
Data Analyst,2,PhD,Transportation,77916.99556232218
Machine Learning Researcher,14,Bachelor,Manufacturing,192503.29044910384
Deep Learning Engineer,2,Bachelor,Gaming,88107.96747802854
AI Specialist,12,PhD,Manufacturing,190406.5015260796
Principal Data Scientist,10,Master,Transportation,217034.0793743251
Deep Learning Engineer,1,Bachelor,Gaming,56776.5701788667
Robotics Engineer,18,Bachelor,Education,185264.90520234942
AI Consultant,9,Associate,Energy,138653.10315790694
AI Specialist,5,Master,Finance,142218.52555445378
Autonomous Systems Engineer,0,Associate,Finance,74368.97576744511
Robotics Engineer,0,Bachelor,Gaming,74046.94182886812
Autonomous Systems Engineer,6,Associate,Manufacturing,110888.06221232194
AI Consultant,0,Bachelor,Energy,72256.54106708198
Autonomous Systems Engineer,5,PhD,Real Estate,109973.16031476784
Machine Learning Researcher,19,Bachelor,Manufacturing,169839.98538583613
Principal Data Scientist,1,Bachelor,Government,74581.79961765249
Head of AI,3,PhD,Consulting,100985.52056773112
Principal Data Scientist,8,PhD,Automotive,142281.42185298854
Machine Learning Engineer,0,Bachelor,Gaming,73528.06087179555
Machine Learning Researcher,6,Master,Energy,121265.49471976155
Data Engineer,4,PhD,Retail,80613.01464022667
AI Specialist,6,Associate,Government,119702.50108605516
Machine Learning Engineer,8,Bachelor,Finance,121784.76863307845
Data Engineer,0,Bachelor,Manufacturing,58192.660382284485
AI Research Scientist,8,Associate,Retail,111567.43461852052
Machine Learning Engineer,8,PhD,Media,139840.13607657855
AI Architect,3,Master,Manufacturing,88563.06480947848
Principal Data Scientist,7,Master,Consulting,140942.33638368308
Principal Data Scientist,16,Master,Media,220022.0839684265
AI Specialist,0,Bachelor,Gaming,74607.01131997918
Autonomous Systems Engineer,3,PhD,Healthcare,87883.80479542969
Head of AI,18,Associate,Transportation,170210.04603842416
Data Engineer,4,Associate,Retail,90535.02105082013
Computer Vision Engineer,0,Bachelor,Finance,64352.09864985831
Robotics Engineer,7,Master,Media,111080.86254165502
Machine Learning Researcher,1,Bachelor,Healthcare,74253.34503488745
Data Scientist,6,PhD,Telecommunications,110650.94222190455
NLP Engineer,4,Bachelor,Consulting,88478.38044762115
Data Analyst,5,Associate,Automotive,139816.59455913655
AI Consultant,17,PhD,Government,209855.98872954276
NLP Engineer,0,Master,Technology,74507.24947229736
Deep Learning Engineer,18,Master,Government,221350.34517239363
Autonomous Systems Engineer,0,PhD,Healthcare,56511.03271110121
Autonomous Systems Engineer,4,Associate,Real Estate,88336.90270021277
Principal Data Scientist,7,PhD,Finance,141363.96899401187
Data Analyst,3,PhD,Consulting,86395.83274971708
Computer Vision Engineer,10,Associate,Media,188871.88335309393
Machine Learning Engineer,12,Master,Finance,218541.17440675432
Autonomous Systems Engineer,4,PhD,Gaming,87402.84898162966
AI Consultant,1,Bachelor,Gaming,62911.75429429063
AI Product Manager,0,Master,Technology,74742.34004510149
Head of AI,11,Bachelor,Transportation,218823.20386240733
Head of AI,3,Master,Technology,79633.25718671686
AI Product Manager,0,PhD,Media,74950.72934402636
Machine Learning Engineer,17,PhD,Telecommunications,186758.9071867416
Data Analyst,3,PhD,Government,77710.76032643233
AI Consultant,4,Bachelor,Energy,87395.39728636098
Data Analyst,3,Bachelor,Transportation,87075.29792091234
NLP Engineer,10,Master,Technology,190192.9231262225
AI Product Manager,7,Master,Real Estate,142049.64642727518
Principal Data Scientist,7,PhD,Transportation,111675.2998228095
Data Engineer,9,Associate,Telecommunications,113258.01171510085
AI Product Manager,1,PhD,Media,56312.78462821459
Data Scientist,6,PhD,Real Estate,140795.61281020925
Data Engineer,2,Bachelor,Government,79333.95893825288
Data Analyst,0,PhD,Education,63406.745036547705
ML Ops Engineer,4,Associate,Transportation,101161.75192904787
AI Specialist,7,Associate,Education,119766.39153139565
AI Specialist,8,PhD,Retail,121405.81009786218
Data Scientist,7,PhD,Education,111069.83294761954
Computer Vision Engineer,2,Master,Real Estate,79503.240414348
Machine Learning Engineer,3,PhD,Real Estate,87370.29543484063
Data Scientist,6,Associate,Real Estate,141150.58001668227
Robotics Engineer,9,Associate,Telecommunications,122401.76220297969
AI Product Manager,4,Master,Transportation,89141.18883006703
ML Ops Engineer,3,Bachelor,Media,100968.39498680233
NLP Engineer,7,Master,Consulting,140942.33638368308
Data Analyst,7,Bachelor,Manufacturing,119980.05229554357
Machine Learning Engineer,14,Master,Technology,191874.4590199944
ML Ops Engineer,0,Bachelor,Automotive,57022.07692677053
Computer Vision Engineer,3,Master,Education,101258.40101936828
AI Architect,5,Master,Automotive,143025.5352968094
NLP Engineer,2,Bachelor,Consulting,101128.6828432765
AI Specialist,3,PhD,Finance,86935.40568925093
Head of AI,8,Bachelor,Technology,142713.53911498602
Data Analyst,2,Associate,Retail,80278.56124212738
Deep Learning Engineer,9,Bachelor,Telecommunications,139492.49546084454
Machine Learning Researcher,1,Bachelor,Consulting,63871.41883678016
AI Specialist,5,PhD,Real Estate,119253.90571647047
Principal Data Scientist,7,Bachelor,Telecommunications,120558.22704387421
Computer Vision Engineer,18,Associate,Technology,176291.77437077253
Research Scientist,9,Bachelor,Retail,115189.2263106141
AI Research Scientist,7,Bachelor,Healthcare,111772.53528997487
Robotics Engineer,5,Bachelor,Government,121388.48241586151
Machine Learning Researcher,1,PhD,Consulting,74405.45543891094
ML Ops Engineer,19,PhD,Consulting,187392.24306852574
AI Architect,15,Master,Transportation,220942.20317770643
Data Scientist,9,Master,Finance,140260.761539253
Principal Data Scientist,0,Master,Healthcare,74382.68008829239
Data Engineer,5,Associate,Technology,112151.33077466312
Research Scientist,1,Master,Telecommunications,65423.8404074587
Data Engineer,9,Associate,Transportation,143160.75464057596
NLP Engineer,2,Bachelor,Media,78909.31451132151
Autonomous Systems Engineer,0,Master,Transportation,55814.78489777134
Data Engineer,0,Master,Media,75145.98013412936
Machine Learning Engineer,16,Master,Education,215321.98419338762
Research Scientist,17,Bachelor,Gaming,216509.88572562044
Head of AI,0,PhD,Media,64801.816322862636
Head of AI,13,Bachelor,Retail,175184.43767482
Machine Learning Researcher,4,Master,Retail,79639.8121446399
AI Product Manager,18,Bachelor,Energy,170369.93318982853
Deep Learning Engineer,2,PhD,Healthcare,101049.52100600943
Principal Data Scientist,9,PhD,Real Estate,141411.75560094975
Machine Learning Researcher,19,Bachelor,Automotive,217904.19601296482
ML Ops Engineer,10,PhD,Government,170669.52917895475
AI Product Manager,2,Master,Finance,80119.7314236313
AI Specialist,4,PhD,Education,86935.40568925093
AI Software Engineer,1,Bachelor,Technology,76004.57279781127
Machine Learning Researcher,1,Bachelor,Consulting,74123.62685879567
AI Consultant,11,Associate,Retail,178507.13468690438
AI Software Engineer,6,PhD,Media,141497.92937554087
Computer Vision Engineer,17,PhD,Healthcare,166526.6558356412
AI Software Engineer,1,Associate,Media,75315.83188650446
Data Scientist,1,PhD,Healthcare,74957.79019733907
Machine Learning Researcher,2,Associate,Government,80071.7758278134
Deep Learning Engineer,5,Bachelor,Telecommunications,121014.30680360267
Autonomous Systems Engineer,2,Associate,Healthcare,88336.90270021277
Principal Data Scientist,3,Associate,Media,78896.34223241702
AI Specialist,0,Associate,Finance,75103.5920917359
Autonomous Systems Engineer,2,Bachelor,Healthcare,101083.85418618855
Computer Vision Engineer,1,PhD,Manufacturing,64831.4886204966
Autonomous Systems Engineer,3,PhD,Manufacturing,78224.81685546756
ML Ops Engineer,18,PhD,Real Estate,169441.46921136172
Robotics Engineer,12,Bachelor,Finance,173426.9988568679
Principal Data Scientist,0,Master,Telecommunications,58045.593443964084
Deep Learning Engineer,3,Master,Manufacturing,78920.23066646414
Machine Learning Researcher,2,Associate,Real Estate,79225.94520712763
Autonomous Systems Engineer,7,PhD,Transportation,140931.93055817924
Data Analyst,17,Associate,Finance,186727.7923763919
Data Analyst,6,Bachelor,Technology,140382.73197091647
AI Specialist,3,Associate,Healthcare,87121.5870400173
Deep Learning Engineer,0,Bachelor,Automotive,75102.33826930713
Deep Learning Engineer,2,Bachelor,Finance,101450.1748842077
Deep Learning Engineer,16,Associate,Manufacturing,168595.53740813813
Data Scientist,1,Master,Transportation,74334.82548184326
NLP Engineer,16,Master,Consulting,189154.93031972722
Autonomous Systems Engineer,1,Master,Telecommunications,74856.95344258298
AI Consultant,12,Associate,Automotive,207580.76869869922
AI Specialist,3,Associate,Energy,86909.6576355522
Deep Learning Engineer,16,PhD,Consulting,171921.7040208631
Data Analyst,1,Associate,Transportation,56209.09470372787
Data Analyst,4,Associate,Finance,79068.14915446902
Data Engineer,7,Master,Automotive,143088.3216641355
Principal Data Scientist,0,PhD,Government,57276.88654769175
Data Analyst,17,Master,Consulting,214408.24425305915
AI Architect,1,Master,Media,55555.82788376955
Autonomous Systems Engineer,8,Associate,Energy,142032.25520141167
Machine Learning Researcher,0,PhD,Education,63865.14308437321
Autonomous Systems Engineer,3,PhD,Consulting,87754.08661933793
Principal Data Scientist,1,Bachelor,Manufacturing,64393.48204097747
Machine Learning Engineer,11,Associate,Government,173482.9856139099
Data Analyst,0,PhD,Technology,63279.54223490797
Research Scientist,0,Master,Finance,64115.06222242121
AI Research Scientist,17,Master,Manufacturing,217888.15135362314
ML Ops Engineer,1,Master,Finance,64126.56548696077
Computer Vision Engineer,18,Bachelor,Real Estate,191458.85202864587
Machine Learning Engineer,2,Master,Technology,101193.60813818079
Computer Vision Engineer,7,Master,Technology,111534.9506175401
AI Specialist,1,PhD,Consulting,63357.197921464875
Machine Learning Researcher,1,Bachelor,Automotive,65399.80513877887
Data Analyst,0,PhD,Government,62592.73923478381
AI Product Manager,16,Bachelor,Gaming,172752.54053531337
AI Product Manager,14,Master,Retail,192176.81385546853
Autonomous Systems Engineer,4,Associate,Finance,88336.90270021277
Head of AI,1,Bachelor,Consulting,57285.086901471135
AI Consultant,8,Master,Automotive,136620.86870011763
AI Research Scientist,1,Master,Gaming,56268.36087294935
Data Analyst,12,Bachelor,Education,169058.45487076946
Principal Data Scientist,3,Bachelor,Transportation,101258.40101936828
Data Analyst,17,Master,Media,184849.36513101507
Deep Learning Engineer,17,Bachelor,Real Estate,212807.74686214884
Machine Learning Researcher,0,Associate,Manufacturing,56533.08280834458
AI Architect,0,Master,Retail,65094.70547703362
Head of AI,4,Associate,Education,101161.75192904787
AI Product Manager,13,Bachelor,Consulting,219155.40324870613
AI Research Scientist,19,Master,Energy,218759.90644163074
Robotics Engineer,18,Bachelor,Media,215648.7209421291
Data Engineer,2,Associate,Automotive,89682.03298890647
AI Consultant,1,Master,Automotive,56184.942800003766
Head of AI,3,Master,Healthcare,88341.18206969622
NLP Engineer,5,Master,Gaming,113133.05193929598
NLP Engineer,1,Master,Automotive,64126.56548696077
AI Architect,4,PhD,Automotive,88280.23436839168
Data Engineer,1,Bachelor,Manufacturing,58455.67035698508
Data Engineer,10,Associate,Media,216280.3647736912
ML Ops Engineer,9,PhD,Manufacturing,141411.75560094975
Deep Learning Engineer,6,Master,Education,110445.40533769828
Data Analyst,3,PhD,Government,77710.76032643233
Deep Learning Engineer,2,Associate,Telecommunications,100728.49016000933
AI Product Manager,1,Bachelor,Real Estate,65024.31356465204
NLP Engineer,12,Master,Finance,218541.17440675432
Principal Data Scientist,11,Master,Telecommunications,212707.96769393136
AI Architect,4,PhD,Healthcare,88280.23436839168
Research Scientist,17,Master,Automotive,186697.14745581217
Deep Learning Engineer,0,Associate,Retail,65893.02355946814
AI Consultant,1,Master,Technology,56487.02858842424
Autonomous Systems Engineer,11,PhD,Media,187533.19878162327
AI Research Scientist,3,Bachelor,Telecommunications,100890.8569881432
Machine Learning Engineer,16,PhD,Real Estate,219411.9169712923
Data Engineer,0,Associate,Media,57290.38647773201
Machine Learning Researcher,0,PhD,Energy,63560.72189421891
AI Research Scientist,2,PhD,Healthcare,79109.2899331205
Data Engineer,9,Master,Real Estate,142540.5118111807
Research Scientist,2,Associate,Transportation,101413.25863920891
NLP Engineer,0,PhD,Gaming,56488.64744820313
Data Scientist,7,Bachelor,Gaming,112647.33673523228
Data Scientist,1,Master,Consulting,74205.1073057515
AI Specialist,6,PhD,Gaming,121725.5772296241
Data Analyst,6,PhD,Gaming,142172.715313177
Data Engineer,0,Associate,Transportation,65204.40643147041
Robotics Engineer,10,Master,Manufacturing,170902.44191130204
AI Consultant,15,Associate,Telecommunications,169010.34097569087
Data Engineer,1,PhD,Transportation,58494.14588024289
AI Product Manager,2,Master,Media,101768.40174717313
Data Analyst,19,Master,Finance,157516.64072171715
ML Ops Engineer,0,PhD,Real Estate,64177.67682551831
Machine Learning Engineer,1,Bachelor,Automotive,56766.205944398556
Data Analyst,8,Master,Energy,111115.6247956849
AI Product Manager,16,Master,Energy,188975.70844088955
Head of AI,9,Master,Finance,112861.87999138395
Machine Learning Researcher,9,Bachelor,Energy,113341.1295641359
Data Engineer,10,PhD,Manufacturing,219020.0228490422
Machine Learning Engineer,7,Bachelor,Healthcare,119856.94314076238
Machine Learning Researcher,0,PhD,Automotive,76456.20768503725
Head of AI,2,Associate,Transportation,79618.29023523317
AI Research Scientist,1,Master,Technology,74947.77585141343
Machine Learning Engineer,5,Bachelor,Telecommunications,119377.57227790526
Robotics Engineer,11,Master,Finance,172201.62609971373
Data Scientist,3,Master,Technology,79102.59193491383
Machine Learning Researcher,8,Master,Finance,142339.99242318544
Machine Learning Researcher,12,Bachelor,Real Estate,192503.29044910384
Deep Learning Engineer,10,Bachelor,Real Estate,215342.9270017483
AI Architect,0,Bachelor,Technology,74176.52074358054
Data Scientist,17,Associate,Real Estate,211378.11811304456
Machine Learning Researcher,12,Bachelor,Consulting,192373.57227301208
AI Product Manager,19,Associate,Media,216879.53336603398
Data Analyst,14,Master,Consulting,215768.25665356783
Machine Learning Engineer,3,Associate,Government,100695.49488207066
Data Analyst,7,PhD,Finance,139831.16829121127
AI Research Scientist,1,PhD,Manufacturing,57232.61323670374
Machine Learning Engineer,6,Master,Energy,109213.02327960815
Autonomous Systems Engineer,0,Master,Real Estate,55645.60966107509
Data Engineer,1,Associate,Healthcare,65467.416406171
Principal Data Scientist,5,Associate,Technology,111858.01504139043
Head of AI,19,PhD,Automotive,169441.46921136172
AI Software Engineer,13,Associate,Technology,190853.0696373874
Machine Learning Researcher,16,Master,Consulting,217180.85307870107
Robotics Engineer,5,Master,Real Estate,121016.28107048906
AI Specialist,1,PhD,Education,75828.72426959983
Principal Data Scientist,10,PhD,Education,218971.2697134801
Head of AI,1,PhD,Government,57771.34829402792
Robotics Engineer,13,Bachelor,Media,190553.41924686581
NLP Engineer,17,Bachelor,Government,188795.15347767592
NLP Engineer,1,Associate,Retail,65149.82101257071
Data Analyst,7,PhD,Consulting,139266.3734053371
Deep Learning Engineer,0,Master,Telecommunications,64890.14839071268
Robotics Engineer,1,Bachelor,Government,57577.194836359966
Autonomous Systems Engineer,4,Master,Finance,79146.92031357606
Computer Vision Engineer,4,PhD,Real Estate,100946.06350712663
AI Specialist,6,PhD,Healthcare,109531.43845101194
ML Ops Engineer,1,Master,Media,74355.68403042704
AI Architect,2,PhD,Finance,102211.92526376713
Data Analyst,2,Bachelor,Consulting,86945.57974482057
Principal Data Scientist,1,PhD,Consulting,57746.131758282194
Principal Data Scientist,8,Bachelor,Technology,142713.53911498602
AI Software Engineer,1,Associate,Technology,75907.92370749087
Robotics Engineer,0,PhD,Education,64598.62424785928
Computer Vision Engineer,15,Associate,Media,217866.55374519344
AI Research Scientist,1,Bachelor,Real Estate,74476.51482629674
Autonomous Systems Engineer,4,Bachelor,Education,101083.85418618855
Machine Learning Researcher,8,PhD,Consulting,112467.35947731286
Machine Learning Researcher,1,PhD,Energy,56446.4830687081
Deep Learning Engineer,4,Master,Transportation,79151.60820202736
Data Scientist,3,PhD,Gaming,87358.45088515368
AI Specialist,16,PhD,Manufacturing,219971.98646240332
AI Research Scientist,0,Bachelor,Automotive,57022.07692677053
Machine Learning Engineer,4,Master,Healthcare,78521.8112227846
Computer Vision Engineer,17,Associate,Real Estate,173551.2911769685
Research Scientist,0,PhD,Transportation,57221.10997216419
AI Consultant,9,Master,Automotive,136536.57836690702
ML Ops Engineer,9,Master,Media,122469.22877403769
AI Architect,11,Master,Government,222021.66808492265
Computer Vision Engineer,0,Associate,Healthcare,57631.62564003808
AI Architect,9,Associate,Manufacturing,113331.64909755644
Machine Learning Researcher,0,Associate,Education,63893.25013349564
AI Software Engineer,0,Master,Gaming,75898.06187186629
Data Scientist,0,Associate,Transportation,63814.87804630072
Autonomous Systems Engineer,1,PhD,Consulting,64305.59702764365
Autonomous Systems Engineer,18,Master,Telecommunications,170013.74420625964
Robotics Engineer,17,Master,Automotive,187059.21535610707
Computer Vision Engineer,3,Master,Transportation,88562.80865327765
Machine Learning Researcher,0,PhD,Media,63323.36486616254
AI Architect,3,Bachelor,Healthcare,102097.59593665964
AI Product Manager,19,Associate,Finance,188850.0436600837
Computer Vision Engineer,19,Master,Real Estate,172749.7478688478
ML Ops Engineer,4,Master,Automotive,102043.77693819648
Deep Learning Engineer,19,PhD,Media,227735.65365853783
Head of AI,19,Bachelor,Real Estate,217488.88074672467
Data Analyst,14,Associate,Real Estate,171343.14785780667
AI Consultant,8,PhD,Telecommunications,110560.15846096672
AI Research Scientist,2,Associate,Automotive,101947.12784787607
Computer Vision Engineer,9,PhD,Manufacturing,141411.75560094975
NLP Engineer,15,Bachelor,Consulting,172159.24061936556
Principal Data Scientist,18,Bachelor,Finance,190373.4428758559
Principal Data Scientist,2,Associate,Government,101097.86148370737
AI Architect,19,Master,Energy,188471.39563549368
Data Scientist,0,Associate,Technology,63136.98133145137
Robotics Engineer,0,Master,Transportation,74382.68008829239
Deep Learning Engineer,18,Associate,Finance,221778.32550250003
ML Ops Engineer,3,Master,Media,78373.54429659974
Data Analyst,1,PhD,Consulting,73077.9968812874
Machine Learning Researcher,3,Bachelor,Technology,88669.84167149244
Head of AI,1,Master,Education,74645.69006299299
Data Analyst,15,Bachelor,Retail,217425.94307164848
Research Scientist,0,PhD,Healthcare,64598.358772375606
Head of AI,4,Bachelor,Finance,80354.21234257528
AI Architect,19,Master,Gaming,171781.34967157818
AI Consultant,8,Bachelor,Retail,127384.34908201858
AI Specialist,7,Associate,Technology,122705.17228843262
NLP Engineer,3,Associate,Transportation,101161.75192904787
Data Analyst,19,Master,Manufacturing,202803.20371852274
Autonomous Systems Engineer,8,Bachelor,Gaming,113483.70429266471
Machine Learning Engineer,6,PhD,Government,118649.67195404795
NLP Engineer,9,Bachelor,Media,113109.76635777416
Machine Learning Researcher,3,Associate,Automotive,80624.61333303456
Research Scientist,4,PhD,Telecommunications,79440.25934624815
AI Product Manager,10,Associate,Technology,220414.13131170563
Data Engineer,0,Bachelor,Media,65011.049489224875
AI Specialist,2,Master,Gaming,77575.26735767326
Research Scientist,3,Associate,Gaming,79388.8411315942
Research Scientist,4,Associate,Gaming,101077.52037978465
Principal Data Scientist,1,Master,Education,64126.56548696077
Machine Learning Engineer,15,PhD,Retail,189899.9858926767
ML Ops Engineer,4,Associate,Transportation,101161.75192904787
Computer Vision Engineer,3,PhD,Finance,88279.97821219086
Data Engineer,8,PhD,Retail,124079.1755106158
Head of AI,5,Bachelor,Education,111363.604360845
Computer Vision Engineer,6,Master,Consulting,120726.82823017855
Data Engineer,10,Master,Energy,215607.47293978638
Machine Learning Researcher,4,Bachelor,Retail,89068.74165752104
AI Consultant,0,Associate,Energy,72159.89197676157
Data Scientist,0,PhD,Media,63837.90109999288
AI Specialist,4,Associate,Government,101657.9309748184
AI Software Engineer,15,Associate,Energy,215389.3862886375
Head of AI,4,PhD,Consulting,100985.52056773112
AI Product Manager,17,PhD,Retail,221473.2911540951
Research Scientist,4,Master,Transportation,101509.90772952932
Machine Learning Researcher,1,Bachelor,Media,56087.11705913352
Research Scientist,16,Master,Telecommunications,170202.81396168438
AI Research Scientist,5,Associate,Education,120615.4277436211
Data Engineer,1,Bachelor,Retail,59308.65841889874
Deep Learning Engineer,1,Bachelor,Real Estate,74410.79708848326
AI Research Scientist,0,Bachelor,Healthcare,74382.68008829239
Autonomous Systems Engineer,1,PhD,Gaming,74758.36968588478
Deep Learning Engineer,13,Master,Technology,196399.83975554636
Data Engineer,1,Bachelor,Real Estate,65394.89025979517
AI Specialist,19,Master,Manufacturing,188604.03589911002
AI Software Engineer,13,Master,Gaming,222929.1407003972
Data Engineer,8,Associate,Telecommunications,141027.63144414857
Data Engineer,17,Associate,Manufacturing,171487.79145361716
Autonomous Systems Engineer,5,Master,Consulting,120703.6061907843
AI Software Engineer,1,Associate,Education,64296.83295065706
Research Scientist,19,Bachelor,Education,162345.1641526498
AI Product Manager,2,Master,Government,89077.29838472654
ML Ops Engineer,2,Bachelor,Telecommunications,80007.35329189568
ML Ops Engineer,4,Master,Media,100968.39498680233
Autonomous Systems Engineer,17,Master,Consulting,210469.64847700123
AI Specialist,5,Associate,Consulting,108602.6126691861
AI Product Manager,10,Associate,Manufacturing,189423.49330453872
AI Architect,2,Bachelor,Technology,78887.1909277197
Computer Vision Engineer,19,Bachelor,Healthcare,185638.92587838022
Research Scientist,14,Master,Telecommunications,170843.24226361036
Autonomous Systems Engineer,2,Bachelor,Retail,79475.39546835273
Research Scientist,9,Bachelor,Transportation,114176.71523101049
Principal Data Scientist,1,Master,Healthcare,64126.56548696077
Machine Learning Researcher,5,Associate,Media,110969.95185409092
Head of AI,18,Bachelor,Healthcare,185739.74984435498
AI Consultant,7,Bachelor,Real Estate,138416.4707639157
Computer Vision Engineer,14,PhD,Media,189383.4294223671
AI Architect,18,Bachelor,Consulting,171144.92610126061
AI Software Engineer,6,PhD,Transportation,120085.9561100971
Research Scientist,19,Associate,Energy,169625.9448082594
Machine Learning Engineer,3,Associate,Telecommunications,88284.98254266204
Machine Learning Engineer,6,Master,Telecommunications,109006.06195835827
ML Ops Engineer,3,PhD,Manufacturing,78896.33866974499
AI Specialist,4,Associate,Manufacturing,89624.2040566616
Head of AI,5,Bachelor,Retail,112216.59242275865
Data Scientist,17,Associate,Technology,186787.67537177075
AI Product Manager,8,PhD,Real Estate,122655.20233649739
Robotics Engineer,1,Bachelor,Real Estate,74476.51482629674
Data Engineer,3,PhD,Government,100260.98259918182
ML Ops Engineer,13,PhD,Consulting,189076.1261391458
AI Consultant,4,PhD,Real Estate,78162.78954630319
Autonomous Systems Engineer,9,Associate,Retail,123773.34229903645
AI Product Manager,1,Associate,Finance,65096.839711027875
NLP Engineer,15,PhD,Transportation,221262.72805941253
AI Architect,18,Master,Energy,188035.26327149448
Head of AI,1,PhD,Education,57977.58352991776
NLP Engineer,4,Master,Telecommunications,88633.5960360383
Data Engineer,0,PhD,Transportation,76058.9508821911
Autonomous Systems Engineer,8,Associate,Media,123266.13165748048
Computer Vision Engineer,4,Master,Consulting,79672.41565104426
Data Scientist,7,Bachelor,Government,121230.01762334793
Machine Learning Engineer,8,Master,Real Estate,139983.29835212394
Autonomous Systems Engineer,16,Bachelor,Technology,168494.4257166505
Machine Learning Engineer,5,PhD,Media,109157.94750815973
Research Scientist,0,Master,Finance,74891.67840110633
AI Specialist,4,PhD,Education,77773.39273038649
Research Scientist,5,Associate,Gaming,111594.11781500676
NLP Engineer,4,Bachelor,Retail,89461.08668562658
Computer Vision Engineer,9,Bachelor,Finance,113749.03937479589
Machine Learning Researcher,16,Master,Consulting,188305.9385354006
AI Research Scientist,0,Master,Government,74318.78964295189
Deep Learning Engineer,1,PhD,Energy,75202.93704067532
Deep Learning Engineer,15,PhD,Media,192613.9466669629
AI Software Engineer,6,PhD,Manufacturing,120085.9561100971
Computer Vision Engineer,13,Bachelor,Real Estate,190553.41924686581
AI Software Engineer,17,PhD,Telecommunications,166512.4439583091
Research Scientist,18,Master,Manufacturing,186782.76353110344
NLP Engineer,1,Bachelor,Retail,75498.67812490664
Autonomous Systems Engineer,2,Master,Education,101083.85418618855
Data Analyst,16,Bachelor,Gaming,173293.32085364245
Robotics Engineer,19,Master,Finance,187580.96379539755
Data Scientist,11,Associate,Healthcare,216220.09831080236
Data Scientist,8,Bachelor,Real Estate,123221.73356100448
NLP Engineer,6,Associate,Consulting,121205.54971512289
ML Ops Engineer,1,Associate,Automotive,75334.41689150079
Machine Learning Engineer,1,Associate,Consulting,64309.734837798365
Computer Vision Engineer,3,Associate,Media,100871.74589648191
AI Product Manager,2,Master,Transportation,102058.4077797391
Data Scientist,3,PhD,Automotive,87839.4066989537
ML Ops Engineer,4,PhD,Telecommunications,79188.7526360871
AI Architect,16,Associate,Healthcare,192023.02235945195
AI Product Manager,10,Master,Manufacturing,171203.73120707984
Principal Data Scientist,4,PhD,Retail,88513.49495555196
ML Ops Engineer,18,Master,Transportation,216019.7459746988
ML Ops Engineer,2,Associate,Finance,101419.24353170075
Research Scientist,5,Master,Gaming,143651.94567187392
Deep Learning Engineer,13,Bachelor,Technology,225848.45472231292
NLP Engineer,0,Bachelor,Manufacturing,74382.68008829239
AI Specialist,1,Master,Transportation,55626.37074739083
AI Software Engineer,18,Associate,Retail,216424.7350482845
Computer Vision Engineer,3,Associate,Technology,101615.84000493292
AI Product Manager,4,Associate,Retail,90164.44435567698
AI Consultant,15,Master,Education,204855.94563046884
AI Specialist,13,Associate,Healthcare,217429.24575680535
AI Architect,3,Bachelor,Education,79936.82206533583
AI Consultant,14,Associate,Government,209321.9621641023
Autonomous Systems Engineer,11,Master,Healthcare,185523.78825225483
AI Research Scientist,9,Master,Education,111067.70453294851
Data Engineer,7,Associate,Government,140607.18845319093
ML Ops Engineer,8,PhD,Healthcare,141496.04593416033
Autonomous Systems Engineer,19,PhD,Media,229058.29375574662
Principal Data Scientist,16,Master,Healthcare,188854.9284546708
Data Scientist,4,Associate,Government,80464.12085591894
Principal Data Scientist,1,Associate,Manufacturing,57701.95633272917
Head of AI,5,Bachelor,Manufacturing,121452.372861202
Data Analyst,6,Associate,Healthcare,119980.05229554357
AI Specialist,0,Master,Telecommunications,63786.37778323854
Autonomous Systems Engineer,0,PhD,Media,55492.456633493675
Machine Learning Engineer,8,Associate,Finance,140861.03278417207
Principal Data Scientist,1,Master,Technology,64428.65127538122
Data Scientist,0,PhD,Transportation,64127.90713255882
Data Analyst,8,Bachelor,Automotive,112214.71358356193
NLP Engineer,1,PhD,Healthcare,75268.65477848878
Data Engineer,10,PhD,Media,188895.71402841702
Computer Vision Engineer,4,Master,Consulting,79672.41565104426
ML Ops Engineer,2,Bachelor,Consulting,79714.93932555357
Data Scientist,18,PhD,Consulting,214297.50197790182
AI Consultant,2,Master,Technology,87794.49821269445
Computer Vision Engineer,0,Master,Manufacturing,64085.18209584161
Data Analyst,7,Associate,Government,139864.7534496909
ML Ops Engineer,0,Master,Media,74092.67405572644
AI Product Manager,4,Bachelor,Automotive,89408.10538408373
AI Specialist,18,Bachelor,Technology,219854.92541371792
AI Consultant,1,Bachelor,Retail,74617.23974009973
Machine Learning Engineer,1,Master,Media,63317.678497322246
AI Consultant,2,Associate,Retail,101133.3016061546
AI Consultant,4,PhD,Healthcare,99599.24303113305
Principal Data Scientist,3,Associate,Automotive,101947.12784787607
Machine Learning Engineer,1,Associate,Consulting,57331.0578743838
Computer Vision Engineer,9,Bachelor,Transportation,123356.38815744963
Machine Learning Engineer,0,Bachelor,Education,56754.96815534268
Principal Data Scientist,0,Associate,Technology,64158.392359961435
Data Scientist,14,Bachelor,Retail,221059.8173512367
Deep Learning Engineer,12,Master,Transportation,194191.64059900586
Head of AI,0,Bachelor,Retail,57875.06498868419
AI Research Scientist,12,PhD,Technology,177300.29497849487
Research Scientist,19,Associate,Healthcare,185813.81430805929
AI Consultant,1,Master,Telecommunications,64171.56176441083
Data Analyst,12,Bachelor,Retail,174339.03860644693
AI Research Scientist,1,Bachelor,Healthcare,64393.48204097747
Deep Learning Engineer,18,Bachelor,Manufacturing,186914.51253395737
Computer Vision Engineer,8,Bachelor,Finance,123440.67849066023
ML Ops Engineer,16,Bachelor,Real Estate,171870.9319711062
Research Scientist,0,Associate,Consulting,74407.81953204125
AI Specialist,0,Bachelor,Manufacturing,65243.22658954597
Data Scientist,3,Master,Gaming,100611.7981787943
AI Research Scientist,8,Bachelor,Energy,123228.74908619512
Research Scientist,8,Associate,Finance,124507.62736389654
Principal Data Scientist,11,Master,Media,218202.96103301208
AI Specialist,13,Bachelor,Education,217436.79374022337
ML Ops Engineer,15,PhD,Manufacturing,188088.56593141097
AI Product Manager,10,Bachelor,Automotive,189423.49330453872
Computer Vision Engineer,0,PhD,Finance,75263.13640644107
Autonomous Systems Engineer,10,Master,Government,217051.79504043417
ML Ops Engineer,0,PhD,Automotive,56969.60326200314
Machine Learning Researcher,3,Associate,Media,100479.40086837637
Data Analyst,0,Associate,Finance,56375.28675568598
Data Scientist,4,PhD,Retail,88294.55002589621
Machine Learning Engineer,2,Master,Telecommunications,78952.70212010131
Machine Learning Researcher,3,Master,Manufacturing,78786.82408272625
Robotics Engineer,0,Associate,Education,64285.59516160118
ML Ops Engineer,1,Associate,Gaming,63815.877136857045
NLP Engineer,3,PhD,Media,87768.34559604348
Research Scientist,4,Bachelor,Healthcare,80179.39729909011
Principal Data Scientist,7,Associate,Technology,141915.53267371707
Data Analyst,3,Master,Media,77394.2011891769
AI Consultant,4,Associate,Consulting,99516.03804026626
Computer Vision Engineer,15,Bachelor,Consulting,188951.2524726884
AI Architect,1,PhD,Real Estate,75938.67445908388
Autonomous Systems Engineer,9,Associate,Media,142000.61387271064
AI Architect,18,Associate,Telecommunications,213247.73352099519
Research Scientist,12,Bachelor,Real Estate,190553.41924686581
Head of AI,4,Bachelor,Government,88544.20817837243
Research Scientist,18,Bachelor,Energy,216215.1679738848
Machine Learning Engineer,10,Associate,Finance,216638.6966594773
Principal Data Scientist,19,PhD,Government,178603.7762885884
AI Research Scientist,17,Associate,Telecommunications,169169.80400866296
Robotics Engineer,3,Associate,Finance,88511.4495333925
AI Research Scientist,1,Master,Healthcare,64126.56548696077
Machine Learning Engineer,14,Associate,Manufacturing,190553.41924686581
AI Product Manager,7,Bachelor,Media,142261.45135820282
Data Scientist,15,Master,Transportation,171064.95095126634
Data Scientist,7,Associate,Gaming,121927.75274444965
ML Ops Engineer,4,PhD,Manufacturing,88058.35162860942
Machine Learning Researcher,13,Bachelor,Finance,192503.29044910384
AI Product Manager,7,Master,Healthcare,111595.10310080832
AI Product Manager,4,Master,Healthcare,79693.40966998509
Principal Data Scientist,5,PhD,Energy,141205.1531806349
Machine Learning Researcher,0,PhD,Finance,56875.39511553878
Machine Learning Engineer,11,PhD,Transportation,188789.25849237878
AI Software Engineer,1,Master,Transportation,75702.48700939082
Computer Vision Engineer,0,PhD,Transportation,64568.478645796
ML Ops Engineer,19,Bachelor,Education,167442.96042596333
Head of AI,0,Associate,Retail,64886.81103787012
AI Product Manager,5,Bachelor,Energy,111452.9642521577
Head of AI,3,Master,Retail,80032.15717274544
Research Scientist,1,PhD,Manufacturing,57484.11994686479
Autonomous Systems Engineer,1,Master,Transportation,56077.794872471924
Machine Learning Researcher,3,Bachelor,Retail,89068.74165752104
AI Consultant,0,Bachelor,Real Estate,62960.52489669379
Autonomous Systems Engineer,2,Bachelor,Transportation,88433.55179053318
Data Engineer,1,Bachelor,Education,58455.67035698508
Autonomous Systems Engineer,12,PhD,Energy,187818.76315085596
Data Analyst,13,Bachelor,Media,171343.14785780667
AI Research Scientist,15,Associate,Healthcare,217528.3342289538
AI Consultant,0,PhD,Automotive,63346.08012932773
AI Consultant,0,PhD,Energy,56352.580370748
Head of AI,8,PhD,Healthcare,141496.04593416033
Autonomous Systems Engineer,4,PhD,Gaming,87402.84898162966
Robotics Engineer,9,Associate,Automotive,123356.38815744963
Data Engineer,11,Master,Energy,172383.82490199397
Computer Vision Engineer,3,Associate,Retail,89586.06417888761
Computer Vision Engineer,6,Master,Automotive,111080.86254165502
AI Research Scientist,4,PhD,Telecommunications,79188.7526360871
Data Scientist,12,Associate,Transportation,218850.5526549999
AI Software Engineer,17,Associate,Transportation,167699.91151108654
AI Software Engineer,13,Associate,Transportation,171066.62421256426
Principal Data Scientist,15,Associate,Consulting,219900.70252301783
NLP Engineer,11,Master,Consulting,189020.74320649036
Principal Data Scientist,10,Bachelor,Healthcare,216755.7218481616
Deep Learning Engineer,11,PhD,Education,224441.04203521903
AI Software Engineer,5,Associate,Automotive,119950.08278140516
AI Consultant,2,Associate,Automotive,87510.67760050567
Principal Data Scientist,12,Bachelor,Energy,219108.76823164005
Computer Vision Engineer,0,PhD,Transportation,57462.849802215605
AI Architect,1,Bachelor,Energy,63845.94107228363
Data Scientist,6,Bachelor,Education,141150.58001668227
Robotics Engineer,12,Bachelor,Transportation,172975.17297858314
Research Scientist,1,Associate,Retail,58292.932583225425
Head of AI,9,Bachelor,Manufacturing,142175.1607058904
Computer Vision Engineer,9,PhD,Automotive,142197.13151977796
Deep Learning Engineer,18,Associate,Government,174998.49079474236
NLP Engineer,9,Associate,Transportation,123356.38815744963
Machine Learning Researcher,8,Associate,Education,122320.63076160573
Data Engineer,11,PhD,Consulting,219624.68399774143
Deep Learning Engineer,7,Associate,Transportation,111532.02311779495
Computer Vision Engineer,5,Master,Energy,110884.75840236321
Autonomous Systems Engineer,17,Bachelor,Media,181797.92873836905
AI Product Manager,6,Associate,Gaming,122946.7044344762
ML Ops Engineer,8,Bachelor,Manufacturing,142259.45103910097
AI Consultant,5,Associate,Automotive,138653.9833394527
Robotics Engineer,12,Bachelor,Real Estate,219161.41723614957
NLP Engineer,19,Associate,Energy,218082.64405567842
AI Specialist,8,PhD,Consulting,120483.84047000842
AI Consultant,1,Master,Transportation,63125.793554073935
Data Engineer,5,Bachelor,Real Estate,112365.0125796627
Deep Learning Engineer,2,Master,Automotive,88322.00673781185
AI Specialist,3,PhD,Consulting,101545.59005884215
NLP Engineer,6,Master,Technology,121488.2195892849
AI Software Engineer,1,Associate,Education,64296.83295065706
AI Consultant,1,Master,Retail,57672.48818980036
AI Specialist,1,Bachelor,Gaming,55414.268594295885
Computer Vision Engineer,0,Associate,Technology,64380.01894354288
NLP Engineer,3,Bachelor,Transportation,79714.93932555357
Principal Data Scientist,0,Master,Energy,56230.40152515113
Research Scientist,12,Bachelor,Healthcare,188261.17827641056
Machine Learning Engineer,0,PhD,Transportation,62948.583573202224
Robotics Engineer,2,Bachelor,Media,78909.31451132151
Data Engineer,16,Master,Media,190169.07885456464
Machine Learning Engineer,9,Bachelor,Telecommunications,120830.1426786085
AI Consultant,8,PhD,Telecommunications,110560.15846096672
AI Product Manager,1,Associate,Technology,57791.81289534897
Deep Learning Engineer,3,Bachelor,Manufacturing,79456.00088118593
AI Product Manager,3,Master,Media,78674.83359237753
Machine Learning Engineer,1,PhD,Transportation,73870.38628947645
Data Engineer,10,Associate,Telecommunications,188194.24810457474
AI Research Scientist,0,Associate,Media,63743.81694339051
Head of AI,3,Associate,Healthcare,101161.75192904787
Data Scientist,2,Associate,Finance,80529.36409930617
Machine Learning Researcher,0,PhD,Transportation,56236.12209851709
Machine Learning Researcher,16,Master,Energy,188223.72730702726
Data Engineer,5,PhD,Real Estate,121994.98327294142
Robotics Engineer,3,Master,Transportation,88341.18206969622
Deep Learning Engineer,0,Associate,Telecommunications,57943.63513798259
AI Research Scientist,1,Bachelor,Manufacturing,74645.69006299299
Computer Vision Engineer,3,Bachelor,Transportation,80208.18586576603
Head of AI,11,Bachelor,Retail,221032.46855864418
Machine Learning Engineer,0,Master,Real Estate,73694.62389452357
AI Software Engineer,8,Bachelor,Media,141879.26193453342
Data Analyst,3,Master,Technology,87262.46944278071
AI Product Manager,1,Bachelor,Manufacturing,75445.6968233638
Machine Learning Engineer,6,Associate,Government,119909.56705085775
Computer Vision Engineer,7,Master,Automotive,111080.86254165502
Machine Learning Researcher,11,Master,Real Estate,218646.25364383892
AI Specialist,4,Master,Technology,102272.55858636438
Machine Learning Engineer,1,PhD,Finance,63211.59354790283
Deep Learning Engineer,11,Master,Retail,177261.6245962932
Machine Learning Engineer,16,Master,Gaming,173303.43706510888
Autonomous Systems Engineer,4,Master,Retail,101515.83214326513
NLP Engineer,4,PhD,Finance,88058.35162860942
Head of AI,0,Associate,Technology,64158.392359961435
Machine Learning Researcher,16,PhD,Automotive,186524.21042957075
ML Ops Engineer,6,Associate,Real Estate,111559.58402659936
AI Product Manager,8,Associate,Finance,124240.68525103104
Deep Learning Engineer,1,Master,Real Estate,56552.58054124868
AI Specialist,7,Associate,Telecommunications,118811.76557692571
Machine Learning Engineer,0,Bachelor,Consulting,57164.69699000361
Robotics Engineer,9,Bachelor,Transportation,142175.1607058904
NLP Engineer,9,Master,Transportation,141554.91787649514
Data Scientist,6,Master,Gaming,123269.00765398696
Robotics Engineer,5,Bachelor,Consulting,141093.66117746857
Machine Learning Engineer,0,Bachelor,Energy,73253.65582269925
NLP Engineer,17,PhD,Automotive,221137.3359592863
AI Consultant,6,Bachelor,Media,119765.71751647713
Data Scientist,4,Bachelor,Telecommunications,88681.56766039928
AI Research Scientist,1,Associate,Manufacturing,57188.43781115072
Computer Vision Engineer,0,Associate,Retail,65108.43762145155
AI Product Manager,0,Master,Manufacturing,56222.679820259866
Autonomous Systems Engineer,6,Master,Real Estate,120859.58468022008
Principal Data Scientist,1,Associate,Energy,73938.89766415201
AI Research Scientist,0,PhD,Automotive,56969.60326200314
NLP Engineer,1,PhD,Media,74978.64874592284
Data Analyst,0,Master,Media,62381.670268382644
Principal Data Scientist,2,Master,Government,80348.5447679619
AI Consultant,14,PhD,Energy,169640.3899545603
AI Consultant,6,PhD,Consulting,118696.86230722474
Research Scientist,3,Associate,Education,79869.7969453942
AI Specialist,8,Bachelor,Media,121694.21702371172
Autonomous Systems Engineer,3,Master,Healthcare,78720.59855992984
Autonomous Systems Engineer,0,Bachelor,Finance,56989.828129514804
AI Consultant,5,Bachelor,Automotive,110402.42883655109
Machine Learning Engineer,1,Bachelor,Healthcare,56979.15720777406
Machine Learning Engineer,1,Associate,Education,56669.556854078146
Machine Learning Researcher,0,Bachelor,Government,63674.23659283083
Machine Learning Engineer,11,PhD,Government,188483.17782088893
AI Specialist,13,Master,Technology,175301.36051993177
Head of AI,10,Master,Media,170902.44191130204
Research Scientist,16,Associate,Manufacturing,189330.80884719745
Data Scientist,1,Associate,Energy,56690.81494972593
Head of AI,5,Bachelor,Gaming,112179.55622242662
Deep Learning Engineer,2,Master,Retail,81029.98411742345
Data Analyst,6,Master,Telecommunications,119082.44008488426
Head of AI,6,PhD,Technology,121205.38914819811
Autonomous Systems Engineer,3,PhD,Technology,78678.90493135263
Machine Learning Researcher,16,Associate,Government,172602.85488383332
Data Scientist,1,Associate,Automotive,64077.88802100132
Principal Data Scientist,0,Associate,Consulting,63904.10479986469
AI Specialist,12,Master,Finance,219101.24389786535
AI Product Manager,8,Bachelor,Education,141496.11745959046
AI Specialist,1,Associate,Energy,74498.96715526306
ML Ops Engineer,4,Bachelor,Gaming,100922.66275994401
AI Software Engineer,11,Associate,Telecommunications,186526.1505467889
Deep Learning Engineer,0,Bachelor,Technology,64235.86611839747
ML Ops Engineer,0,Associate,Gaming,56444.4720226501
AI Research Scientist,9,Master,Automotive,122469.22877403769
Research Scientist,14,Master,Automotive,172088.01359517119
AI Software Engineer,17,Associate,Automotive,185521.85628747262
Machine Learning Engineer,14,Bachelor,Telecommunications,213130.6886683139
Principal Data Scientist,3,Bachelor,Real Estate,88438.92338701666
NLP Engineer,4,PhD,Media,100825.23271125695
Machine Learning Engineer,0,Associate,Education,63766.7142045286
AI Architect,6,Associate,Education,111781.46676638162
Robotics Engineer,1,Master,Automotive,75431.06598182119
AI Architect,8,PhD,Real Estate,112245.94960626829
AI Software Engineer,0,Associate,Retail,58572.73899496411
AI Product Manager,1,Master,Retail,57903.594044440804
Research Scientist,1,Associate,Retail,75653.53574474728
AI Product Manager,0,Associate,Technology,56786.370328666206
Principal Data Scientist,9,Associate,Manufacturing,142175.1607058904
Research Scientist,13,Master,Government,218733.43690604318
Data Engineer,9,PhD,Retail,113748.26337772975
Principal Data Scientist,0,Associate,Media,55839.730632971165
Machine Learning Researcher,16,Bachelor,Retail,173710.13601475506
AI Specialist,1,Bachelor,Technology,65790.3980171746
Data Scientist,4,Associate,Finance,87051.72124499145
AI Specialist,0,Master,Consulting,62610.89139680988
Head of AI,0,Bachelor,Transportation,74382.68008829239
Robotics Engineer,4,PhD,Government,87496.11801249027
Robotics Engineer,16,Associate,Real Estate,171870.9319711062
Data Analyst,17,Master,Healthcare,184201.07403587835
Research Scientist,14,Associate,Gaming,173474.86106151607
Research Scientist,13,Bachelor,Transportation,190553.41924686581
AI Product Manager,1,Associate,Manufacturing,75349.0477330434
AI Specialist,0,Bachelor,Education,75194.52176504815
AI Research Scientist,11,Associate,Transportation,190215.20587312354
NLP Engineer,0,Associate,Automotive,64033.82297595646
Machine Learning Engineer,10,Master,Government,187161.36092472784
AI Architect,14,Master,Manufacturing,222167.61895937606
Autonomous Systems Engineer,4,PhD,Consulting,100810.97373455139
Robotics Engineer,11,PhD,Finance,189045.21604862483
Head of AI,5,PhD,Media,110813.85736574151
Data Engineer,1,Master,Energy,57150.47643378721
Head of AI,3,Master,Finance,88341.18206969622
Machine Learning Researcher,0,Master,Automotive,76174.379104922
Head of AI,7,Master,Technology,111534.9506175401
Autonomous Systems Engineer,3,Bachelor,Real Estate,100914.67894949229
Autonomous Systems Engineer,18,PhD,Energy,169257.2051269611
Data Analyst,5,Bachelor,Government,119855.68171306093
AI Research Scientist,6,Bachelor,Telecommunications,120558.22704387421
AI Research Scientist,0,Bachelor,Education,64382.24425192159
Deep Learning Engineer,17,PhD,Automotive,173127.93040236481
Research Scientist,3,Master,Real Estate,79261.50058429659
NLP Engineer,18,Master,Healthcare,214384.0212431116
Autonomous Systems Engineer,13,Associate,Telecommunications,169185.6741701681
AI Research Scientist,0,Master,Finance,74640.17169094528
Robotics Engineer,3,Associate,Consulting,79618.29023523317
Head of AI,7,Bachelor,Finance,141718.93620048487
Deep Learning Engineer,4,PhD,Finance,101307.0126086623
Computer Vision Engineer,1,PhD,Retail,75723.79810543131
Deep Learning Engineer,0,Master,Automotive,56458.745803244325
Data Engineer,14,Bachelor,Manufacturing,191399.3733318959
Head of AI,4,Bachelor,Media,100968.39498680233
Autonomous Systems Engineer,4,Master,Consulting,88036.91706042472
AI Research Scientist,12,PhD,Manufacturing,190812.18000589297
NLP Engineer,1,PhD,Transportation,75268.65477848878
ML Ops Engineer,19,Associate,Consulting,217181.5774635034
Research Scientist,1,Bachelor,Gaming,74561.45851372977
Principal Data Scientist,0,PhD,Retail,75460.78813073071
Data Scientist,1,Master,Energy,63138.19684882894
Computer Vision Engineer,15,Associate,Healthcare,183002.49724164483
Machine Learning Engineer,15,Master,Technology,219523.9577816252
Principal Data Scientist,1,PhD,Automotive,57746.131758282194
Data Engineer,6,Bachelor,Retail,113742.67856171694
AI Architect,14,Bachelor,Gaming,193880.132519091
Data Engineer,0,Master,Media,64744.13293520817
Head of AI,9,Master,Consulting,112045.02186723273
AI Architect,7,Bachelor,Retail,112793.97784598525
Machine Learning Engineer,13,Associate,Energy,190341.4898424007
Machine Learning Researcher,13,Master,Finance,220491.04560899234
Autonomous Systems Engineer,1,Associate,Telecommunications,74760.30435226257
Machine Learning Engineer,7,PhD,Retail,140065.2338784097
AI Product Manager,8,Associate,Consulting,123933.38196780976
Autonomous Systems Engineer,1,PhD,Transportation,56561.09142242631
AI Software Engineer,12,Bachelor,Education,168781.93122552705
AI Architect,14,Associate,Gaming,176483.99343662866
Computer Vision Engineer,8,Bachelor,Technology,123894.7665665453
Computer Vision Engineer,1,Master,Government,74581.79961765249
AI Architect,3,Master,Gaming,101761.85767723537
Autonomous Systems Engineer,0,Master,Government,56365.31653328938
NLP Engineer,1,Master,Media,55943.691872517295
Deep Learning Engineer,9,Master,Consulting,140912.08105395778
Deep Learning Engineer,17,Master,Gaming,175329.01232342992
Autonomous Systems Engineer,18,Master,Media,221489.45490834868
Data Engineer,13,Master,Telecommunications,189267.4426169232
Data Engineer,4,Master,Finance,87515.4383871346
ML Ops Engineer,6,PhD,Gaming,123205.1221425559
AI Specialist,3,Bachelor,Automotive,101818.47051047932
AI Software Engineer,18,Master,Education,182361.66526535872
Robotics Engineer,1,Bachelor,Technology,74947.77585141343
AI Architect,1,PhD,Telecommunications,65124.15874303952
AI Consultant,6,Bachelor,Telecommunications,139018.5112921498
Computer Vision Engineer,3,Master,Automotive,102043.77693819648
Data Scientist,1,Bachelor,Real Estate,57387.71251182618
Computer Vision Engineer,0,Bachelor,Consulting,64222.38047376654
AI Research Scientist,5,Master,Consulting,141093.66117746857
Machine Learning Engineer,10,PhD,Consulting,170087.90183914837
Research Scientist,14,Associate,Transportation,190553.41924686581
Data Scientist,0,Master,Automotive,74857.19142597087
Autonomous Systems Engineer,2,Associate,Consulting,88207.184524121
AI Consultant,18,Bachelor,Transportation,168097.90184340964
NLP Engineer,8,Master,Healthcare,141639.2082097057
Computer Vision Engineer,0,PhD,Healthcare,75005.64480378818
Data Engineer,3,PhD,Gaming,79676.91549948414
AI Specialist,2,Bachelor,Automotive,101818.47051047932
Data Scientist,2,PhD,Retail,88294.55002589621
AI Software Engineer,1,Bachelor,Energy,56515.663192995045
Data Scientist,9,Associate,Gaming,123916.50545793088
AI Software Engineer,0,Bachelor,Gaming,75898.06187186629
Computer Vision Engineer,0,Associate,Finance,58057.94739368429
AI Specialist,4,Bachelor,Manufacturing,101818.47051047932
Computer Vision Engineer,9,Bachelor,Media,142175.1607058904
Machine Learning Researcher,0,PhD,Healthcare,74272.16364030211
Deep Learning Engineer,2,Master,Telecommunications,88614.42070415395
AI Specialist,10,PhD,Education,184799.63805007213
AI Software Engineer,5,PhD,Transportation,110148.51240352559
Data Engineer,4,Associate,Transportation,80788.8736907471
AI Consultant,4,Associate,Transportation,79053.91634848759
AI Product Manager,4,Associate,Technology,102415.84676530375
AI Software Engineer,0,Master,Media,75943.79409872461
AI Architect,1,PhD,Gaming,56973.540162686
Research Scientist,19,Bachelor,Retail,172057.2428343661
AI Consultant,4,Master,Real Estate,87171.23490011314
AI Specialist,6,PhD,Automotive,141666.54688247002
Data Analyst,1,Associate,Retail,74127.71536588001
Computer Vision Engineer,0,Bachelor,Transportation,64352.09864985831
AI Specialist,0,Bachelor,Finance,75200.24118205631
AI Product Manager,6,PhD,Consulting,141183.6877784736
Data Analyst,13,Associate,Finance,188087.80477690056
AI Consultant,10,PhD,Telecommunications,184012.02876549627
AI Specialist,13,Bachelor,Consulting,171051.12640450514
AI Research Scientist,4,PhD,Government,87496.11801249027
Computer Vision Engineer,3,PhD,Finance,101372.73034647577
AI Research Scientist,4,PhD,Transportation,101115.23874382288
Robotics Engineer,16,Associate,Transportation,189692.87674749235
AI Specialist,0,Master,Transportation,74942.74957940343
AI Research Scientist,9,PhD,Real Estate,141411.75560094975
Head of AI,2,Master,Automotive,79179.16911083179
AI Specialist,8,Bachelor,Media,142819.520530212
Autonomous Systems Engineer,1,PhD,Energy,75041.45894079946
AI Architect,2,Associate,Automotive,79840.17297501542
Research Scientist,19,Bachelor,Energy,187884.0219486447
AI Software Engineer,10,Bachelor,Transportation,171124.25633249804
Principal Data Scientist,2,Bachelor,Education,88608.09862371293
Deep Learning Engineer,4,Associate,Manufacturing,79359.3517908655
AI Consultant,11,PhD,Transportation,185278.47938840635
AI Architect,18,Associate,Telecommunications,189421.08946175498
Machine Learning Engineer,13,Master,Education,170211.7585066016
Data Analyst,7,Master,Manufacturing,119501.33081059923
Research Scientist,0,Associate,Education,57428.70673225589
AI Product Manager,15,PhD,Automotive,170476.74705436756
AI Software Engineer,4,Associate,Automotive,79618.29023523317
AI Consultant,6,Master,Retail,125402.23681431578
Data Scientist,4,Bachelor,Transportation,88389.15369405718
Principal Data Scientist,9,Master,Retail,114112.38577620711
Machine Learning Researcher,18,Associate,Transportation,216269.928151506
AI Software Engineer,0,PhD,Education,57763.92635860347
Deep Learning Engineer,17,Associate,Real Estate,164925.92858907604
ML Ops Engineer,16,Master,Education,168625.12487370105
Data Analyst,1,Master,Healthcare,55982.924842702036
Principal Data Scientist,9,Associate,Government,141271.26916192134
Machine Learning Engineer,2,Master,Automotive,101524.89598112393
AI Product Manager,2,PhD,Technology,79236.22295137295
Deep Learning Engineer,11,Master,Consulting,174874.77479292685
Head of AI,16,Bachelor,Gaming,172370.62005403917
Machine Learning Engineer,4,Bachelor,Automotive,87737.78947229024
Deep Learning Engineer,1,Associate,Media,56355.252088114226
Machine Learning Engineer,3,Bachelor,Education,100739.52006229572
Computer Vision Engineer,4,Associate,Telecommunications,80403.95074178773
AI Product Manager,5,Master,Government,111690.08503749492
NLP Engineer,8,Bachelor,Energy,142206.8020345914
Autonomous Systems Engineer,9,Associate,Automotive,142785.98979153886
AI Specialist,7,PhD,Transportation,141666.54688247002
AI Product Manager,2,Associate,Finance,102219.25029207156
Head of AI,0,Master,Telecommunications,64909.32372259706
AI Product Manager,2,PhD,Telecommunications,88735.27926528742
Research Scientist,0,Master,Media,63175.371321848834
Data Engineer,6,Associate,Energy,112518.23807764822
Data Analyst,0,Bachelor,Manufacturing,62938.59285496529
ML Ops Engineer,1,Associate,Telecommunications,58234.20602148761
AI Consultant,18,Associate,Finance,169388.44759606948
Data Engineer,1,PhD,Energy,58441.49687573331
Data Analyst,12,Associate,Healthcare,169703.58890070504
AI Research Scientist,1,PhD,Energy,64557.21303240558
Data Engineer,8,Associate,Telecommunications,123588.9238479869
Data Analyst,18,Associate,Consulting,174004.3774868083
AI Specialist,5,Associate,Manufacturing,121371.58329331691
Machine Learning Researcher,2,Associate,Energy,100716.75789643274
AI Architect,3,Bachelor,Technology,78887.1909277197
Data Engineer,9,Associate,Consulting,142853.4513573547
Data Analyst,8,Bachelor,Healthcare,121907.87778785963
AI Software Engineer,6,Bachelor,Automotive,142638.2725008421
AI Architect,4,Associate,Automotive,88733.33227317478
NLP Engineer,8,Master,Media,141639.2082097057
AI Specialist,3,Master,Government,101754.58006513881
AI Software Engineer,9,Bachelor,Education,121127.70285535239
Data Engineer,1,Bachelor,Automotive,76484.37206022412
AI Product Manager,0,PhD,Energy,56653.327365704674
AI Product Manager,9,Master,Technology,112977.9843460251
ML Ops Engineer,9,PhD,Technology,141865.8436768348
AI Software Engineer,8,PhD,Telecommunications,139434.17852870977
AI Software Engineer,9,Bachelor,Manufacturing,141794.97160132282
AI Software Engineer,5,PhD,Real Estate,120068.10566718633
NLP Engineer,0,Bachelor,Government,74318.78964295189
AI Architect,3,PhD,Manufacturing,79118.22140952726
Research Scientist,4,PhD,Real Estate,78978.6701432098
Data Engineer,4,Master,Gaming,79868.79675254574
AI Product Manager,7,Master,Telecommunications,140367.96812639217
Autonomous Systems Engineer,7,Master,Consulting,120552.28139699882
AI Product Manager,15,Master,Energy,170963.14118102414
Research Scientist,18,Associate,Technology,190324.7900330282
Principal Data Scientist,0,Associate,Energy,63264.39926748037
Computer Vision Engineer,7,Master,Government,112733.22732322916
Deep Learning Engineer,0,Master,Automotive,75102.33826930713
Machine Learning Engineer,0,Associate,Manufacturing,63514.94201888388
Deep Learning Engineer,0,PhD,Telecommunications,57234.45631954082
Machine Learning Engineer,2,Bachelor,Healthcare,79409.00963185649
Machine Learning Researcher,8,Associate,Transportation,142702.74364992778
AI Consultant,1,Associate,Retail,58111.60931420173
Data Scientist,3,Master,Telecommunications,88414.65110638257
AI Research Scientist,2,Bachelor,Government,101194.51057402778
Computer Vision Engineer,1,Associate,Technology,74851.12676109304
Principal Data Scientist,2,Associate,Energy,80283.62855300933
Machine Learning Researcher,5,Bachelor,Consulting,111806.89697167183
Computer Vision Engineer,4,Master,Telecommunications,88855.22261961974
Machine Learning Engineer,3,PhD,Energy,78324.80870816286
AI Research Scientist,15,Associate,Government,172782.29305294208
Deep Learning Engineer,2,PhD,Education,87431.28000157273
Research Scientist,1,PhD,Retail,75975.30481559236
Research Scientist,13,Bachelor,Technology,175183.37213512362
Deep Learning Engineer,6,Master,Real Estate,111053.30163285062
Autonomous Systems Engineer,12,PhD,Consulting,187564.10887214425
Head of AI,1,Master,Education,74645.69006299299
AI Specialist,1,Master,Transportation,55626.37074739083
AI Consultant,3,Associate,Government,99581.86577101753
Machine Learning Engineer,9,PhD,Finance,140097.62767923146
Computer Vision Engineer,16,Master,Education,186447.06965008719
Machine Learning Engineer,0,PhD,Gaming,62467.62775940222
Machine Learning Researcher,6,Associate,Transportation,141904.73720865883
Robotics Engineer,1,Bachelor,Gaming,63912.526227177455
AI Specialist,1,Associate,Automotive,75109.11046378361
AI Specialist,0,PhD,Retail,63679.04944979857
Autonomous Systems Engineer,0,Master,Transportation,55814.78489777134
AI Software Engineer,16,Associate,Technology,218154.00315055673
Deep Learning Engineer,17,Associate,Technology,224433.19262101286
Robotics Engineer,3,Associate,Finance,80257.56325225488
AI Software Engineer,15,Associate,Technology,171533.4379014076
AI Product Manager,17,Master,Media,168627.92319903028
Data Analyst,0,Master,Manufacturing,72321.74036718276
Computer Vision Engineer,15,Master,Manufacturing,188371.39637249775
Head of AI,14,Master,Telecommunications,213046.1810676736
Data Analyst,16,Associate,Manufacturing,172793.63277070952
Data Analyst,2,PhD,Consulting,77916.99556232218
Principal Data Scientist,4,Bachelor,Transportation,88608.09862371293
AI Architect,1,PhD,Real Estate,64662.56954000117
Computer Vision Engineer,9,Master,Government,121565.33723006866
Robotics Engineer,3,PhD,Technology,88512.43970449449
Data Analyst,0,PhD,Telecommunications,63447.38681724508
NLP Engineer,3,Associate,Finance,80257.56325225488
Deep Learning Engineer,7,Bachelor,Healthcare,111744.97438117045
Data Scientist,6,Bachelor,Finance,112470.65789067237
Machine Learning Engineer,1,Bachelor,Consulting,57427.706964704215
AI Architect,14,PhD,Telecommunications,191147.79046591892
AI Research Scientist,7,Associate,Energy,121300.92359387907
AI Consultant,1,PhD,Energy,73700.01006128937
AI Architect,1,PhD,Automotive,57454.495976486
AI Product Manager,7,Bachelor,Media,122312.85975871497
NLP Engineer,2,Associate,Energy,88299.52012892741
AI Architect,15,PhD,Real Estate,224302.10408245272
AI Research Scientist,8,Master,Technology,143951.4583699349
NLP Engineer,7,Bachelor,Education,141461.44459783199
Head of AI,0,Associate,Technology,57049.9972204551
AI Architect,14,Master,Telecommunications,191430.6209070057
Deep Learning Engineer,16,Bachelor,Energy,222779.71306639895
Data Analyst,2,Master,Telecommunications,78492.23996975107
ML Ops Engineer,3,Bachelor,Government,88544.20817837243
NLP Engineer,2,Master,Technology,79633.25718671686
AI Architect,11,PhD,Government,191748.26775224763
Deep Learning Engineer,7,Associate,Finance,121493.67766645979
Research Scientist,12,Bachelor,Real Estate,190553.41924686581
NLP Engineer,1,Master,Gaming,74309.95180356872
Principal Data Scientist,4,Master,Government,80348.5447679619
NLP Engineer,2,Associate,Technology,80072.37831111823
AI Product Manager,7,Associate,Education,111860.87332237716
Data Engineer,0,Bachelor,Transportation,58192.660382284485
AI Architect,15,Bachelor,Government,175307.15045154426
ML Ops Engineer,2,Associate,Consulting,101032.0337529561
Data Engineer,2,PhD,Telecommunications,101801.00079100074
AI Product Manager,0,PhD,Real Estate,75071.56013989606
AI Consultant,0,Master,Real Estate,62693.608342677086
ML Ops Engineer,4,Associate,Healthcare,79831.24149860867
Robotics Engineer,18,PhD,Retail,169602.89098558252
Head of AI,9,Associate,Real Estate,113109.76635777416
Data Scientist,19,Master,Technology,171447.088521722
Autonomous Systems Engineer,2,Bachelor,Healthcare,79256.36877465164
AI Product Manager,5,PhD,Finance,121287.13953643442
Robotics Engineer,13,Bachelor,Retail,216555.48920537927
AI Specialist,1,Associate,Energy,62137.54674880575
NLP Engineer,1,Bachelor,Consulting,64263.7638648857
AI Consultant,10,Bachelor,Education,184198.8398199486
NLP Engineer,6,Associate,Telecommunications,110604.95807212942
Principal Data Scientist,2,Associate,Finance,80868.24366962767
ML Ops Engineer,2,PhD,Gaming,100779.50048439862
AI Product Manager,7,PhD,Consulting,141183.6877784736
Research Scientist,4,Master,Manufacturing,88592.68877985727
NLP Engineer,0,Bachelor,Automotive,57022.07692677053
ML Ops Engineer,1,Bachelor,Consulting,74515.97188690121
AI Architect,4,Master,Real Estate,101928.42069996339
Head of AI,9,PhD,Healthcare,122186.3983329509
NLP Engineer,1,Associate,Technology,64598.91873907751
Computer Vision Engineer,2,Bachelor,Telecommunications,89122.13917363645
Robotics Engineer,4,Master,Energy,78967.23970636669
Machine Learning Engineer,17,Bachelor,Media,169133.16210116798
Autonomous Systems Engineer,3,Bachelor,Healthcare,88433.55179053318
Principal Data Scientist,15,Master,Technology,178102.0995431987
ML Ops Engineer,12,Associate,Finance,190553.41924686581
AI Research Scientist,4,Bachelor,Gaming,100922.66275994401
Computer Vision Engineer,1,PhD,Healthcare,64831.4886204966
NLP Engineer,12,Bachelor,Retail,192762.68394310266
Data Analyst,1,Bachelor,Energy,62432.1791211898
Data Scientist,10,PhD,Finance,186242.16524019418
AI Software Engineer,5,PhD,Education,120237.28090388258
Computer Vision Engineer,8,Associate,Energy,112982.12728651967
AI Software Engineer,17,Associate,Consulting,167522.32640395703
Data Engineer,7,Master,Automotive,143088.3216641355
Data Scientist,9,Master,Retail,123262.79492398558
Robotics Engineer,5,Associate,Media,140564.01934310893
Machine Learning Researcher,0,Associate,Manufacturing,56533.08280834458
Data Scientist,19,Associate,Consulting,211156.43090511454
Computer Vision Engineer,1,Bachelor,Gaming,74309.95180356872
Robotics Engineer,0,Associate,Telecommunications,57971.19604678701
Head of AI,6,Bachelor,Finance,121512.85299834415
Head of AI,1,PhD,Technology,65656.91811854964
ML Ops Engineer,2,Master,Finance,79818.4421278535
AI Research Scientist,2,Associate,Manufacturing,79618.29023523317
Data Engineer,4,Associate,Automotive,103000.43392627899
Deep Learning Engineer,0,PhD,Real Estate,74770.75182927845
NLP Engineer,3,Bachelor,Retail,102111.38908128193
AI Software Engineer,9,Associate,Transportation,112444.42139555824
ML Ops Engineer,5,Associate,Manufacturing,110526.65924326409
AI Consultant,0,Master,Media,62572.77754680739
Deep Learning Engineer,13,PhD,Media,193908.81015791907
Data Engineer,0,Bachelor,Real Estate,75266.81092999906
Deep Learning Engineer,4,Bachelor,Technology,80141.46649263422
AI Architect,8,Bachelor,Consulting,142791.34267317105
Head of AI,13,PhD,Automotive,171805.1831540844
Data Analyst,15,Associate,Retail,188817.94508236472
Deep Learning Engineer,4,PhD,Consulting,88039.17629672507
Data Engineer,1,Bachelor,Gaming,65083.10968269141
Research Scientist,4,Master,Manufacturing,79430.67582099284
Head of AI,2,Bachelor,Media,88318.09259114697
AI Specialist,5,PhD,Government,118860.84733704754
Principal Data Scientist,1,Master,Real Estate,57093.65997163155
AI Architect,2,Master,Real Estate,88393.88957278224
Data Scientist,7,Associate,Media,111831.38487365066
AI Product Manager,1,PhD,Consulting,64864.6575311593
AI Consultant,4,Associate,Media,99355.75018379209
Data Analyst,1,PhD,Retail,57495.03950862684
AI Research Scientist,2,Associate,Education,101161.75192904787
Research Scientist,1,Master,Healthcare,64378.07219712181
Research Scientist,7,PhD,Media,141357.98410152
Principal Data Scientist,0,PhD,Transportation,57483.12178358159
Machine Learning Researcher,7,Bachelor,Manufacturing,112002.87663742619
Principal Data Scientist,2,PhD,Gaming,87577.39581480941
Machine Learning Engineer,17,Master,Transportation,187059.21535610707
Computer Vision Engineer,9,Associate,Media,142175.1607058904
Machine Learning Engineer,12,Master,Healthcare,187374.01889299863
Principal Data Scientist,8,Master,Retail,123566.0301868519
NLP Engineer,10,Master,Government,217226.34187361394
Principal Data Scientist,0,Bachelor,Transportation,74382.68008829239
AI Consultant,14,Master,Gaming,188037.08049482957
Research Scientist,1,PhD,Manufacturing,64861.36874707621
Data Analyst,2,Bachelor,Education,87075.29792091234
AI Architect,16,PhD,Telecommunications,216135.7947740113
Data Scientist,4,Master,Healthcare,88122.23714004048
AI Consultant,0,PhD,Energy,73437.00008658877
Head of AI,4,Associate,Manufacturing,101161.75192904787
Research Scientist,9,Bachelor,Finance,114815.9882480322
AI Research Scientist,2,Bachelor,Media,78909.31451132151
AI Research Scientist,4,PhD,Automotive,88058.35162860942
AI Research Scientist,2,Master,Consulting,79179.16911083179
AI Product Manager,10,Associate,Telecommunications,170310.384030176
Head of AI,7,Bachelor,Retail,142473.95567743562
ML Ops Engineer,1,PhD,Healthcare,57445.56450007924
Data Engineer,17,Master,Healthcare,212528.42167761078
Data Analyst,2,Associate,Technology,87432.736906477
AI Research Scientist,2,PhD,Transportation,101115.23874382288
Data Engineer,6,Associate,Gaming,143293.8129063719
AI Research Scientist,9,Bachelor,Automotive,142960.53662471857
Data Analyst,0,PhD,Technology,56114.82953858531
Data Engineer,8,PhD,Consulting,113040.30225917834
AI Architect,5,Bachelor,Transportation,121674.25560098427
AI Software Engineer,0,Associate,Technology,64952.71545656176
Machine Learning Researcher,0,Bachelor,Telecommunications,57383.086142659784
Data Engineer,19,Bachelor,Gaming,182902.68397224334
AI Product Manager,4,Master,Healthcare,79693.40966998509
Data Scientist,4,Master,Telecommunications,79743.3839242252
ML Ops Engineer,14,PhD,Media,189383.4294223671
Data Engineer,6,Master,Transportation,112251.44599716898
AI Product Manager,9,Associate,Manufacturing,124156.39491782045
ML Ops Engineer,7,Master,Media,121034.13151339983
Data Analyst,3,Bachelor,Media,98566.53377420371
AI Consultant,12,Bachelor,Government,186978.94508593617
Machine Learning Researcher,14,Associate,Telecommunications,190722.78388878808
Data Scientist,7,PhD,Government,140731.72236486876
Robotics Engineer,9,PhD,Retail,119447.06000554936
Robotics Engineer,4,Associate,Gaming,79137.33442143316
AI Research Scientist,1,Master,Finance,74903.18166564588
Machine Learning Researcher,2,Bachelor,Automotive,80721.26242335499
Autonomous Systems Engineer,4,Bachelor,Retail,101515.83214326513
Data Analyst,16,Associate,Retail,192777.8789465471
ML Ops Engineer,12,Bachelor,Finance,190553.41924686581
Computer Vision Engineer,14,Master,Real Estate,172088.01359517119
Data Analyst,5,Master,Energy,109905.41529494038
Machine Learning Researcher,2,PhD,Finance,87666.00660050388
Research Scientist,9,Bachelor,Government,142338.21803515765
AI Architect,18,Associate,Gaming,217713.68041786706
Computer Vision Engineer,4,Associate,Retail,102014.73999096152
Computer Vision Engineer,0,PhD,Energy,64515.82964128642
NLP Engineer,1,Bachelor,Retail,65246.47010289113
Principal Data Scientist,14,PhD,Telecommunications,173250.2623346346
Robotics Engineer,16,Master,Healthcare,215388.3909369256
Data Analyst,1,PhD,Gaming,62937.02701180358
Head of AI,1,Associate,Energy,56419.01410267463
Robotics Engineer,15,Bachelor,Telecommunications,212661.7057832036
AI Architect,5,Associate,Media,110138.79525451634
NLP Engineer,0,Master,Gaming,74046.94182886812
Data Engineer,17,Associate,Energy,215463.7686228382
AI Consultant,6,Bachelor,Finance,119765.71751647713
Data Analyst,1,PhD,Transportation,73207.71505737916
Machine Learning Engineer,4,Associate,Media,100001.43674505924
Head of AI,1,Master,Retail,57602.30474866301
Data Scientist,13,Associate,Transportation,190334.4743172101
Data Engineer,6,Associate,Energy,142462.10167172534
Principal Data Scientist,2,Bachelor,Energy,101205.7520148587
AI Product Manager,4,PhD,Education,88442.86529894533
Computer Vision Engineer,4,PhD,Media,78583.9603957254
Data Analyst,4,Associate,Healthcare,78851.89839118584
Machine Learning Researcher,6,Master,Automotive,121477.42412422666
AI Product Manager,12,Master,Media,189967.5491592317
Machine Learning Engineer,2,PhD,Gaming,87058.51485773684
AI Specialist,3,Master,Telecommunications,87510.6500966798
AI Product Manager,7,Master,Healthcare,111595.10310080832
ML Ops Engineer,1,PhD,Retail,57687.75656364627
Computer Vision Engineer,4,Bachelor,Government,101194.51057402778
AI Consultant,0,Associate,Retail,64520.5964328662
AI Specialist,18,Master,Technology,219234.68258432267
Robotics Engineer,8,Master,Retail,120212.02551481787
ML Ops Engineer,18,Bachelor,Manufacturing,188031.99081481027
Data Scientist,0,PhD,Media,74404.77419007252
AI Software Engineer,4,PhD,Retail,102627.17901716326
ML Ops Engineer,11,Associate,Consulting,189907.90258990228
Computer Vision Engineer,16,Bachelor,Technology,191970.52361331935
Principal Data Scientist,7,Bachelor,Real Estate,121512.85299834415
Data Analyst,7,PhD,Technology,140027.76476444345
Deep Learning Engineer,6,Bachelor,Government,111824.13105268378
AI Product Manager,5,Master,Automotive,111397.9771026061
NLP Engineer,19,Associate,Transportation,218145.39698559276
Machine Learning Researcher,0,Master,Transportation,73990.33506018684
AI Consultant,7,Master,Transportation,119286.9960315328
Robotics Engineer,0,Bachelor,Transportation,57022.07692677053
Research Scientist,17,Associate,Finance,216192.30482850785
AI Architect,1,Associate,Consulting,57410.32055093298
Computer Vision Engineer,4,PhD,Healthcare,101115.23874382288
Machine Learning Researcher,12,Associate,Finance,221111.28843838762
Deep Learning Engineer,7,Associate,Government,121429.7872211193
AI Research Scientist,0,PhD,Automotive,64346.85206221456
Data Scientist,16,Master,Energy,171043.64403028047
Robotics Engineer,0,Bachelor,Telecommunications,74768.49030106212
Research Scientist,0,Master,Transportation,56737.813422209794
Data Engineer,17,Bachelor,Consulting,215133.60219424
AI Architect,10,Bachelor,Education,190049.8672641477
Robotics Engineer,7,Associate,Retail,137658.76295042844
AI Research Scientist,1,PhD,Retail,62425.87221178983
Head of AI,1,Bachelor,Consulting,64263.7638648857
NLP Engineer,11,Master,Manufacturing,189328.04648971162
AI Specialist,13,Bachelor,Automotive,219721.48672726064
Computer Vision Engineer,6,Associate,Government,121448.96255300366
Data Scientist,5,Bachelor,Consulting,120926.124648325
Data Scientist,0,Associate,Transportation,73975.16641682226
Principal Data Scientist,3,PhD,Retail,88513.49495555196
Machine Learning Engineer,8,PhD,Healthcare,139840.13607657855
AI Architect,1,PhD,Consulting,57454.495976486
AI Consultant,14,Bachelor,Manufacturing,209129.69966481347
Machine Learning Researcher,1,PhD,Education,74535.17361500271
Machine Learning Researcher,13,PhD,Retail,175566.47431758814
Machine Learning Researcher,4,Master,Education,87948.83704159067
Data Analyst,0,Bachelor,Manufacturing,56042.73381934768
Machine Learning Engineer,6,PhD,Retail,109756.78858761895
Principal Data Scientist,0,PhD,Real Estate,74836.46956709193
Deep Learning Engineer,17,Associate,Automotive,222563.70142132824
Principal Data Scientist,2,Master,Real Estate,101089.22578267203
Robotics Engineer,8,Bachelor,Consulting,141952.1477558797
Data Analyst,2,Associate,Transportation,86978.64883059193
AI Research Scientist,7,Bachelor,Government,121448.96255300366
Deep Learning Engineer,6,Bachelor,Automotive,121493.67766645979
Computer Vision Engineer,3,PhD,Technology,79843.67328584252
Data Engineer,2,Associate,Real Estate,80788.8736907471
Computer Vision Engineer,6,Master,Gaming,113716.79079771829
Machine Learning Researcher,10,Bachelor,Automotive,189315.17596392077
Robotics Engineer,0,Bachelor,Government,64066.58162093637
Robotics Engineer,16,PhD,Energy,219359.26796678273
Machine Learning Researcher,6,PhD,Retail,142164.4363468183
Head of AI,13,Associate,Finance,173426.9988568679
Data Scientist,9,PhD,Consulting,112033.99227319723
NLP Engineer,3,Associate,Consulting,101032.0337529561
Principal Data Scientist,4,PhD,Automotive,101900.61466265109
AI Software Engineer,0,Master,Energy,75623.65682276999
Data Scientist,2,Master,Media,100657.53040565262
Data Engineer,2,Associate,Manufacturing,102215.05800745077
AI Specialist,9,Associate,Government,141831.33865303238
Machine Learning Researcher,10,Associate,Manufacturing,172232.8939055408
AI Software Engineer,19,PhD,Energy,185212.2749697863
Research Scientist,2,Bachelor,Education,88859.60533387397
Computer Vision Engineer,0,Bachelor,Gaming,74046.94182886812
Computer Vision Engineer,5,Associate,Technology,141018.107418994
Machine Learning Researcher,5,Associate,Technology,121512.808430333
AI Specialist,0,Bachelor,Real Estate,62571.4343362054
Machine Learning Researcher,2,Bachelor,Gaming,78841.63848364801
Head of AI,17,Associate,Government,188138.63723880786
AI Consultant,17,PhD,Energy,183433.924397615
NLP Engineer,5,Bachelor,Gaming,142180.0266908268
AI Consultant,0,PhD,Education,73741.42127674306
AI Consultant,19,Master,Transportation,167210.74245999768
ML Ops Engineer,0,PhD,Gaming,56488.64744820313
NLP Engineer,0,Master,Gaming,56005.35089824878
NLP Engineer,0,Bachelor,Retail,57875.06498868419
Deep Learning Engineer,0,Bachelor,Retail,58872.891933362174
Data Engineer,10,Associate,Automotive,189974.75466489053
NLP Engineer,10,PhD,Consulting,170442.02636308575
AI Architect,0,Master,Automotive,64241.71741511996
NLP Engineer,6,Bachelor,Education,121512.85299834415
Data Analyst,15,Bachelor,Media,169077.39741463057
Autonomous Systems Engineer,4,PhD,Retail,78656.79481254416
AI Specialist,2,Bachelor,Automotive,101818.47051047932
AI Specialist,12,Bachelor,Automotive,184539.69324292135
Computer Vision Engineer,2,Master,Healthcare,79885.36691441975
Machine Learning Engineer,15,Bachelor,Retail,173889.57418386382
Principal Data Scientist,5,PhD,Real Estate,120733.45062940227
Head of AI,8,PhD,Education,121115.78622474778
AI Consultant,5,Associate,Energy,109353.55431450508
AI Specialist,13,PhD,Education,168449.383152583
Head of AI,2,Associate,Retail,102014.73999096152
Data Analyst,12,Master,Gaming,172775.65295180934
AI Research Scientist,18,Master,Retail,186714.96297556732
Autonomous Systems Engineer,12,Associate,Technology,173174.37988702435
AI Research Scientist,14,Master,Transportation,191095.01044697975
Autonomous Systems Engineer,3,PhD,Transportation,100940.69191064315
Computer Vision Engineer,17,Bachelor,Energy,191236.81869877598
NLP Engineer,8,PhD,Education,117191.83595371415
AI Specialist,14,PhD,Telecommunications,216966.1514635309
Data Scientist,2,Master,Real Estate,100778.36120152232
Robotics Engineer,4,PhD,Finance,88058.35162860942
Principal Data Scientist,9,PhD,Technology,113271.13233140178
Computer Vision Engineer,6,Master,Energy,110868.93313718993
Data Analyst,14,Master,Media,216075.5599367891
Principal Data Scientist,8,PhD,Retail,113516.00093335978
Head of AI,14,Bachelor,Technology,175183.37213512362
AI Research Scientist,15,Master,Education,186012.7486585045
AI Product Manager,0,PhD,Energy,56653.327365704674
NLP Engineer,4,Bachelor,Education,79714.93932555357
AI Architect,1,Bachelor,Retail,58359.95770316705
AI Product Manager,7,PhD,Government,141427.10061635438
ML Ops Engineer,11,Bachelor,Gaming,219140.7847595199
Computer Vision Engineer,18,Master,Finance,174040.29362150765
AI Research Scientist,4,PhD,Finance,79535.61168676672
Machine Learning Engineer,0,PhD,Manufacturing,73607.37631477584
ML Ops Engineer,9,Associate,Transportation,123356.38815744963
Principal Data Scientist,7,PhD,Transportation,141106.47739135896
Research Scientist,11,Master,Gaming,174069.46469884354
Research Scientist,1,Bachelor,Government,57828.701546521006
AI Architect,10,Master,Telecommunications,189749.08501323382
Computer Vision Engineer,7,Bachelor,Automotive,121512.85299834415
AI Software Engineer,0,PhD,Government,64578.94154269571
AI Product Manager,7,PhD,Technology,111137.9163821962
NLP Engineer,0,Associate,Finance,64033.82297595646
AI Architect,1,Master,Real Estate,56802.02418983536
Data Engineer,0,Associate,Gaming,64723.450617670394
Head of AI,2,Bachelor,Manufacturing,101258.40101936828
AI Consultant,10,PhD,Education,209864.393733276
Data Scientist,4,Associate,Automotive,88292.50460373677
AI Consultant,7,Bachelor,Technology,138870.5588398008
AI Consultant,13,Master,Finance,185899.5232032354
Research Scientist,14,Master,Energy,189454.33045898878
AI Architect,13,Associate,Automotive,193562.55162197846
Data Engineer,9,Bachelor,Transportation,143160.75464057596
AI Consultant,6,Bachelor,Real Estate,138416.4707639157
ML Ops Engineer,10,Associate,Manufacturing,188871.88335309393
AI Specialist,7,Bachelor,Consulting,141714.21080572176
Data Engineer,6,Bachelor,Consulting,122376.13317063684
AI Specialist,4,PhD,Automotive,82668.14115225496
Deep Learning Engineer,13,Associate,Retail,225849.5202620093
Machine Learning Engineer,12,Bachelor,Retail,192762.68394310266
NLP Engineer,11,PhD,Real Estate,189045.21604862483
Data Scientist,0,Bachelor,Energy,56524.45406534575
Research Scientist,8,Bachelor,Energy,143273.75090782772
Data Scientist,2,Master,Telecommunications,79743.3839242252
NLP Engineer,17,PhD,Energy,187857.17729670156
AI Research Scientist,19,Associate,Automotive,170210.04603842416
Data Scientist,3,Bachelor,Technology,88040.77567108792
Autonomous Systems Engineer,9,Bachelor,Automotive,112438.24454349674
Principal Data Scientist,0,Master,Real Estate,74213.50485159614
Data Scientist,5,Bachelor,Transportation,141090.09987954012
AI Consultant,12,Associate,Consulting,170685.44367643908
AI Consultant,3,Master,Healthcare,87340.4101368094
Autonomous Systems Engineer,12,Bachelor,Manufacturing,217649.399969148
Data Engineer,19,PhD,Automotive,225228.79227597616
Head of AI,3,PhD,Media,78090.71385551293
Computer Vision Engineer,3,Master,Real Estate,88393.6334165814
AI Product Manager,3,Bachelor,Technology,89862.19345996881
Research Scientist,0,Bachelor,Media,63442.287875865535
AI Research Scientist,15,PhD,Government,222752.49577404893
Head of AI,2,Associate,Real Estate,88511.4495333925
AI Software Engineer,0,Bachelor,Technology,76358.36951529552
AI Software Engineer,17,Bachelor,Finance,185521.85628747262
Principal Data Scientist,3,PhD,Consulting,79773.60639198626
AI Specialist,4,Associate,Energy,78016.49833739284
NLP Engineer,1,Bachelor,Government,64329.59159563697
Robotics Engineer,5,Associate,Education,110526.65924326409
Deep Learning Engineer,19,Associate,Consulting,173718.92212229775
Data Scientist,1,Master,Finance,57660.39055082236
AI Product Manager,7,PhD,Manufacturing,121135.81474264893
Robotics Engineer,0,Bachelor,Transportation,74382.68008829239
Head of AI,3,Associate,Telecommunications,79910.70420157525
Data Engineer,7,Associate,Retail,143527.26175583855
AI Specialist,4,Bachelor,Gaming,86737.28031653768
AI Consultant,0,Bachelor,Healthcare,72866.68437560255
AI Software Engineer,13,Associate,Consulting,170889.03910543476
Deep Learning Engineer,10,PhD,Technology,222806.16959836392
Autonomous Systems Engineer,1,PhD,Education,64435.315203735416
Data Analyst,7,Master,Consulting,119194.02752737797
AI Specialist,6,PhD,Gaming,144265.58550708863
Autonomous Systems Engineer,18,Master,Consulting,169023.79039339646
AI Product Manager,11,Associate,Government,219316.755657474
Machine Learning Researcher,6,PhD,Consulting,121064.8755070481
ML Ops Engineer,0,Associate,Government,63969.93253061596
Data Analyst,7,PhD,Transportation,139573.6766885584
Computer Vision Engineer,5,Bachelor,Retail,112216.59242275865
Deep Learning Engineer,3,Bachelor,Real Estate,79518.2031800529
ML Ops Engineer,2,PhD,Finance,101372.73034647577
NLP Engineer,6,Bachelor,Media,141461.44459783199
AI Architect,1,PhD,Education,64831.74477669742
Data Engineer,0,Associate,Manufacturing,75339.3370763749
Machine Learning Engineer,10,Bachelor,Government,216830.95915876617
AI Research Scientist,19,PhD,Transportation,187699.546351747
Deep Learning Engineer,9,Associate,Telecommunications,139492.49546084454
AI Product Manager,2,Master,Healthcare,102058.4077797391
NLP Engineer,3,Associate,Manufacturing,88511.4495333925
Data Engineer,17,Bachelor,Transportation,189309.73623000324
Head of AI,2,Associate,Telecommunications,100794.2078978228
Data Analyst,9,PhD,Gaming,113741.57923629163
Data Analyst,12,Master,Government,187392.9078927775
NLP Engineer,18,Bachelor,Consulting,216989.20175974083
Machine Learning Researcher,12,PhD,Manufacturing,223850.9465137386
Data Analyst,12,PhD,Gaming,221573.01813312958
ML Ops Engineer,13,Master,Transportation,218541.17440675432
Data Analyst,4,Associate,Government,79484.7777484961
NLP Engineer,5,Master,Healthcare,111309.6390702038
Research Scientist,3,Associate,Telecommunications,89055.37020989564
Autonomous Systems Engineer,4,Associate,Retail,79378.74637803232
Robotics Engineer,1,Associate,Finance,57827.710828172436
AI Software Engineer,1,Associate,Energy,63527.40924218097
Data Engineer,1,PhD,Automotive,65871.39468045431
Research Scientist,5,Associate,Finance,120866.93445378215
Computer Vision Engineer,11,Master,Consulting,189020.74320649036
AI Product Manager,7,Bachelor,Finance,122312.85975871497
NLP Engineer,0,PhD,Finance,57608.87627902486
Head of AI,0,Master,Energy,55716.8830035727
AI Architect,4,PhD,Real Estate,88111.05913169544
Computer Vision Engineer,3,Bachelor,Real Estate,80039.01062906979
Research Scientist,6,Associate,Consulting,141405.64802477177
AI Specialist,7,PhD,Transportation,141666.54688247002
Research Scientist,12,Master,Finance,189666.2598634539
Data Engineer,12,Associate,Government,189747.96405348126
AI Architect,9,Associate,Manufacturing,113331.64909755644
Head of AI,6,Bachelor,Automotive,111559.58402659936
Autonomous Systems Engineer,1,Associate,Automotive,75159.87005832104
AI Software Engineer,4,Associate,Healthcare,88511.4495333925
Machine Learning Researcher,1,Associate,Technology,74458.7817329875
Computer Vision Engineer,7,Master,Telecommunications,139567.96136602134
Data Scientist,12,Associate,Technology,174652.70688332058
AI Consultant,2,PhD,Technology,78786.0528588845
Principal Data Scientist,5,Associate,Finance,140821.5109457618
AI Product Manager,16,Master,Energy,188975.70844088955
AI Specialist,1,PhD,Energy,56057.01829283566
Computer Vision Engineer,7,Associate,Technology,141915.53267371707
Computer Vision Engineer,10,Associate,Media,188871.88335309393
Autonomous Systems Engineer,2,Associate,Education,78946.76842095572
Data Analyst,11,Associate,Finance,216357.58939244208
Data Scientist,3,Bachelor,Manufacturing,79986.74017260487
AI Research Scientist,6,Bachelor,Media,141461.44459783199
AI Consultant,4,Bachelor,Consulting,79150.565438808
AI Architect,3,PhD,Real Estate,101785.25842441799
Data Engineer,12,Associate,Education,189114.68034485867
Head of AI,1,Master,Education,74645.69006299299
AI Research Scientist,1,Bachelor,Gaming,74309.95180356872
Robotics Engineer,4,Bachelor,Automotive,102043.77693819648
AI Specialist,11,Associate,Retail,221592.5380497552
Data Engineer,1,Associate,Retail,66320.40446808466
ML Ops Engineer,15,Bachelor,Technology,191536.20262173668
AI Specialist,11,Master,Automotive,218763.0305241231
NLP Engineer,0,Bachelor,Energy,63361.04835780078
Head of AI,13,Master,Automotive,219326.55032558253
AI Software Engineer,4,Master,Real Estate,79009.99387413554
AI Research Scientist,18,PhD,Energy,169378.71628144738
AI Specialist,8,Master,Real Estate,142199.27770081678
Computer Vision Engineer,10,Master,Healthcare,214090.9885967545
Autonomous Systems Engineer,1,Bachelor,Telecommunications,57659.33329753059
Research Scientist,14,Associate,Retail,175184.43767482
AI Consultant,9,Associate,Healthcare,121184.817966025
AI Research Scientist,12,PhD,Automotive,173233.93373761026
AI Architect,15,PhD,Finance,174879.44550018723
AI Specialist,2,Master,Real Estate,87049.06089364146
ML Ops Engineer,16,Bachelor,Technology,191970.52361331935
Data Engineer,3,Bachelor,Consulting,102181.98892167943
AI Software Engineer,8,PhD,Telecommunications,121186.45297823058
Data Analyst,0,Bachelor,Transportation,56042.73381934768
Machine Learning Researcher,3,PhD,Gaming,87185.05078670388
Head of AI,9,PhD,Technology,122640.48640883598
NLP Engineer,17,Bachelor,Automotive,188602.8909783871
Head of AI,2,Master,Transportation,88341.18206969622
AI Software Engineer,17,Bachelor,Transportation,214129.85427675638
AI Consultant,3,Master,Media,77809.17040985417
AI Research Scientist,18,Bachelor,Education,167442.96042596333
NLP Engineer,17,Master,Gaming,189853.28888656935
Deep Learning Engineer,15,Associate,Energy,174547.9919098914
NLP Engineer,8,Master,Finance,112946.17032459454
AI Specialist,15,PhD,Education,166672.12703620322
AI Architect,0,PhD,Retail,65180.15729201688
AI Architect,2,PhD,Finance,79757.49442654898
Research Scientist,1,Master,Technology,57302.90918533086
Deep Learning Engineer,17,Bachelor,Manufacturing,215475.96811731203
Robotics Engineer,13,Associate,Education,216876.72424911233
Computer Vision Engineer,7,PhD,Real Estate,120751.30107231303
Deep Learning Engineer,6,Associate,Healthcare,111744.97438117045
Machine Learning Engineer,1,Associate,Real Estate,56669.556854078146
Data Scientist,0,Bachelor,Media,73781.80947457673
Data Scientist,0,PhD,Finance,57880.67712607615
AI Research Scientist,4,Bachelor,Technology,82027.18948578276
Data Analyst,9,Master,Telecommunications,138340.43887281153
Deep Learning Engineer,7,Bachelor,Real Estate,141395.72686001853
Principal Data Scientist,16,Bachelor,Gaming,220959.9076949343
NLP Engineer,8,Bachelor,Education,117953.38787974528
AI Consultant,2,Bachelor,Automotive,100527.78122550665
Machine Learning Researcher,6,Associate,Media,141904.73720865883
Robotics Engineer,19,PhD,Telecommunications,215764.19557357085
Deep Learning Engineer,18,Bachelor,Consulting,173718.92212229775
Robotics Engineer,8,Associate,Retail,112556.56958354347
Principal Data Scientist,3,Bachelor,Healthcare,88608.09862371293
Research Scientist,1,PhD,Consulting,75390.44331255805
Deep Learning Engineer,3,Associate,Energy,88332.99380155261
Principal Data Scientist,3,PhD,Retail,88513.49495555196
AI Specialist,2,PhD,Energy,77720.7437258769
AI Software Engineer,18,PhD,Retail,168828.37072058106
AI Specialist,1,Associate,Real Estate,62906.97045728184
AI Architect,1,Master,Government,64284.55778140253
Principal Data Scientist,13,PhD,Gaming,175002.1153537403
Autonomous Systems Engineer,0,Associate,Consulting,73981.76598870047
Robotics Engineer,2,PhD,Technology,88512.43970449449
AI Consultant,6,Master,Automotive,119286.9960315328
AI Product Manager,0,Bachelor,Automotive,64365.56263908099
Data Engineer,6,PhD,Manufacturing,122012.83371585218
NLP Engineer,0,Master,Consulting,63733.8373361684
Robotics Engineer,7,PhD,Gaming,113433.9603566315
AI Research Scientist,12,PhD,Energy,173181.28473310068
AI Research Scientist,9,Associate,Consulting,112932.18125064467
Deep Learning Engineer,5,Associate,Healthcare,110712.04959783518
Deep Learning Engineer,0,Master,Energy,73759.46804646793
Autonomous Systems Engineer,3,PhD,Healthcare,87883.80479542969
Machine Learning Researcher,15,Bachelor,Finance,217496.4930926054
AI Product Manager,15,Associate,Energy,171850.3005644361
Research Scientist,18,PhD,Government,169129.3190198063
AI Specialist,4,Bachelor,Gaming,101482.73225105506
AI Consultant,7,Master,Real Estate,119286.9960315328
AI Specialist,6,PhD,Healthcare,141666.54688247002
NLP Engineer,5,Associate,Healthcare,110739.6105066396
Robotics Engineer,10,PhD,Technology,172827.81062675573
Machine Learning Researcher,8,PhD,Energy,141886.6895404776
NLP Engineer,4,PhD,Technology,88512.43970449449
AI Research Scientist,0,Bachelor,Manufacturing,64130.47206627687
AI Research Scientist,18,Master,Technology,191657.86063425528
ML Ops Engineer,4,Master,Government,101194.51057402778
Data Analyst,1,Bachelor,Manufacturing,72584.75034188337
AI Product Manager,8,Master,Automotive,112608.18660335062
AI Architect,1,PhD,Automotive,57454.495976486
Data Scientist,19,PhD,Government,169491.3869201012
AI Product Manager,7,Bachelor,Consulting,122005.5564754937
NLP Engineer,8,Master,Transportation,122553.51910724828
AI Specialist,14,Master,Media,188186.71495052206
Autonomous Systems Engineer,9,Bachelor,Consulting,122874.53804104863
Research Scientist,0,Bachelor,Media,55818.2739546931
Principal Data Scientist,5,Associate,Education,120615.4277436211
Data Analyst,0,Bachelor,Consulting,72192.022191091
Autonomous Systems Engineer,8,Master,Manufacturing,122378.97227406854
Computer Vision Engineer,18,Associate,Real Estate,173636.90725225973
Robotics Engineer,4,Bachelor,Transportation,88608.09862371293
NLP Engineer,16,Master,Government,189654.49610223732
AI Architect,1,Master,Education,64348.44822674302
Machine Learning Engineer,4,Bachelor,Retail,88590.7775342039
Machine Learning Engineer,7,Bachelor,Healthcare,110116.62543239309
AI Specialist,1,Associate,Media,54992.95050354341
ML Ops Engineer,7,Master,Media,141249.63966690435
Data Analyst,5,Associate,Telecommunications,137349.54033942532
Machine Learning Researcher,15,Master,Consulting,170423.08945162702
AI Consultant,2,Bachelor,Real Estate,87438.15145412984
ML Ops Engineer,1,Bachelor,Manufacturing,64393.48204097747
Head of AI,6,Master,Transportation,121034.13151339983
Data Scientist,14,Bachelor,Energy,218797.90365049033
Principal Data Scientist,0,Bachelor,Retail,75235.66815020604
AI Consultant,2,Associate,Telecommunications,101700.86460545666
AI Architect,17,PhD,Gaming,172787.98278345104
AI Research Scientist,7,PhD,Manufacturing,120751.30107231303
Principal Data Scientist,11,Bachelor,Real Estate,218823.20386240733
AI Product Manager,2,Bachelor,Government,80308.3365562202
AI Product Manager,5,PhD,Government,120724.90592031524
AI Software Engineer,7,Bachelor,Technology,121301.5961120133
AI Architect,2,PhD,Automotive,102739.80957994245
Data Engineer,19,Associate,Education,219017.65229732345
Data Analyst,5,PhD,Education,139725.00148234385
Head of AI,18,Associate,Finance,216639.98880409403
ML Ops Engineer,9,Master,Government,111674.71381062252
Machine Learning Researcher,0,Associate,Manufacturing,63641.477947850915
Data Scientist,1,Master,Automotive,63907.62055730503
NLP Engineer,19,PhD,Energy,221223.7151284657
Head of AI,19,PhD,Consulting,169263.88410423222
Robotics Engineer,9,PhD,Real Estate,111939.77653327544
Data Analyst,15,PhD,Technology,186929.71137505278
Machine Learning Engineer,1,Associate,Media,73740.15398303405
Data Analyst,0,Bachelor,Consulting,72192.022191091
AI Architect,4,Associate,Consulting,101871.22867024745
AI Product Manager,7,PhD,Consulting,120828.51145942767
Data Scientist,6,Master,Retail,112365.17446830995
Machine Learning Researcher,16,Master,Retail,190644.9214077292
Robotics Engineer,14,PhD,Consulting,171627.5980469549
Data Scientist,15,Associate,Telecommunications,170997.48438020833
AI Research Scientist,2,Master,Real Estate,79009.99387413554
AI Product Manager,6,Associate,Technology,122766.94783460004
Principal Data Scientist,7,PhD,Media,120751.30107231303
AI Specialist,1,Associate,Government,75045.22001844313
AI Specialist,9,PhD,Automotive,141971.82509206078
AI Research Scientist,1,Associate,Energy,56419.01410267463
Data Engineer,10,PhD,Gaming,191033.2713200112
Head of AI,18,Bachelor,Education,167442.96042596333
NLP Engineer,1,Master,Energy,74035.54675447242
Deep Learning Engineer,0,PhD,Energy,64327.67673033018
Head of AI,2,Associate,Healthcare,79831.24149860867
ML Ops Engineer,0,Associate,Telecommunications,74671.84121074171
AI Specialist,7,Bachelor,Healthcare,110026.07382302637
Computer Vision Engineer,2,Associate,Gaming,100826.0136696236
Head of AI,4,Associate,Real Estate,88511.4495333925
ML Ops Engineer,7,PhD,Retail,121365.96741694552
Data Engineer,4,Master,Healthcare,89511.76552521018
Machine Learning Researcher,12,PhD,Finance,174206.8802346072
AI Research Scientist,3,PhD,Government,78690.10343385515
Machine Learning Researcher,11,PhD,Media,222006.15454858518
Data Engineer,6,Bachelor,Education,122683.43645385811
Autonomous Systems Engineer,4,PhD,Healthcare,87883.80479542969
Computer Vision Engineer,0,Master,Energy,63315.75838736552
AI Architect,18,Associate,Government,172424.49477370526
Data Scientist,5,Bachelor,Real Estate,111466.22997120005
AI Architect,17,Bachelor,Education,186291.75429702416
Autonomous Systems Engineer,18,Associate,Real Estate,223100.96559970884
Principal Data Scientist,4,Bachelor,Government,101194.51057402778
AI Architect,14,Master,Technology,179059.66691979248
Computer Vision Engineer,1,PhD,Healthcare,75268.65477848878
Principal Data Scientist,5,Associate,Transportation,111403.92696550535
Data Scientist,2,Associate,Finance,87051.72124499145
AI Software Engineer,6,Bachelor,Gaming,143297.30377436682
Machine Learning Engineer,4,Bachelor,Automotive,87737.78947229024
Research Scientist,4,PhD,Transportation,101366.74545398392
AI Consultant,4,Master,Consulting,78614.79522408622
AI Product Manager,1,Master,Manufacturing,57050.605982527144
Head of AI,6,Bachelor,Media,121512.85299834415
Deep Learning Engineer,5,PhD,Energy,120883.45053421415
Machine Learning Engineer,3,PhD,Energy,87486.82166702731
Computer Vision Engineer,2,Associate,Automotive,101947.12784787607
Data Engineer,8,Master,Healthcare,113622.71988274493
NLP Engineer,1,Bachelor,Technology,74947.77585141343
AI Software Engineer,0,Bachelor,Real Estate,57647.22478667461
AI Consultant,3,Associate,Gaming,99310.01795693376
AI Specialist,1,Associate,Media,74819.10443121768
Machine Learning Engineer,4,Bachelor,Healthcare,79057.5814375064
Autonomous Systems Engineer,1,Bachelor,Media,55807.94027296163
Head of AI,18,Master,Automotive,169322.88665501223
Computer Vision Engineer,17,PhD,Automotive,223907.68093425385
AI Software Engineer,9,Associate,Automotive,122691.0431952337
Autonomous Systems Engineer,0,Bachelor,Telecommunications,74593.94346788237
AI Consultant,1,PhD,Real Estate,63439.91486733208
AI Software Engineer,5,Associate,Real Estate,140955.47132729084
Autonomous Systems Engineer,0,Master,Finance,74465.62485776554
Robotics Engineer,1,PhD,Real Estate,57063.438000007496
Data Analyst,4,Master,Gaming,98520.80154734539
Autonomous Systems Engineer,13,PhD,Retail,170680.62981536268
Robotics Engineer,1,Bachelor,Automotive,57285.086901471135
Principal Data Scientist,4,Associate,Automotive,101947.12784787607
Data Analyst,16,Associate,Government,173895.61633602463
NLP Engineer,4,Master,Government,88277.29162435573
Data Analyst,6,PhD,Energy,119165.85136500288
AI Specialist,16,Bachelor,Gaming,188263.9961776564
AI Research Scientist,8,Master,Telecommunications,139957.5299088227
Data Engineer,6,PhD,Technology,112513.65281999245
AI Architect,2,Associate,Consulting,79840.17297501542
Autonomous Systems Engineer,1,Master,Consulting,74341.42505372147
Robotics Engineer,5,PhD,Media,110813.85736574151
AI Product Manager,11,PhD,Real Estate,221448.65814350126
AI Architect,16,Master,Manufacturing,220222.0665433675
Data Scientist,0,Master,Transportation,74071.81550714267
Data Analyst,3,Master,Consulting,86678.66319080388
Autonomous Systems Engineer,3,Associate,Real Estate,88336.90270021277
Computer Vision Engineer,3,Bachelor,Finance,101515.89262202116
Deep Learning Engineer,1,Bachelor,Energy,56540.751288700194
AI Software Engineer,17,Associate,Education,164932.8258986257
Data Scientist,5,Associate,Media,140253.15476195922
AI Software Engineer,0,Bachelor,Gaming,64443.839349077185
Autonomous Systems Engineer,7,PhD,Education,120576.7542391333
Research Scientist,17,Associate,Gaming,216509.88572562044
Autonomous Systems Engineer,13,Bachelor,Healthcare,186749.161009409
Data Engineer,4,Associate,Healthcare,89682.03298890647
AI Software Engineer,10,Master,Consulting,170059.5118419566
AI Specialist,3,Bachelor,Technology,90157.01688737466
ML Ops Engineer,1,Master,Transportation,74645.69006299299
AI Architect,2,Bachelor,Media,97953.91591147195
AI Architect,2,Master,Education,88563.06480947848
Head of AI,6,Associate,Government,141397.5541524915
Principal Data Scientist,1,Master,Education,57262.83520832779
Principal Data Scientist,5,Bachelor,Automotive,142186.34037951805
Research Scientist,5,Associate,Retail,121719.9225156958
Computer Vision Engineer,9,Associate,Real Estate,123356.38815744963
Data Scientist,2,Associate,Energy,79678.16167781936
AI Research Scientist,13,PhD,Transportation,173233.93373761026
AI Software Engineer,12,PhD,Education,185598.6255677786
Machine Learning Researcher,4,PhD,Automotive,79902.66176754641
Autonomous Systems Engineer,0,PhD,Manufacturing,64172.30522903482
AI Software Engineer,0,PhD,Healthcare,78263.31552175543
Principal Data Scientist,1,Associate,Retail,75402.02903458623
Deep Learning Engineer,14,PhD,Government,193602.72948642922
Machine Learning Engineer,0,Master,Retail,64197.66261710125
ML Ops Engineer,0,Bachelor,Media,56216.45211253849
Data Analyst,1,PhD,Healthcare,56466.221392656415
Research Scientist,7,PhD,Manufacturing,111049.53881072928
Principal Data Scientist,6,Bachelor,Real Estate,141461.44459783199
AI Specialist,5,Bachelor,Retail,110470.13095581016
Autonomous Systems Engineer,2,Bachelor,Technology,88887.63986641826
Research Scientist,4,PhD,Gaming,101031.00719455967
Principal Data Scientist,11,Associate,Telecommunications,171733.72076676638
ML Ops Engineer,0,Bachelor,Energy,61343.602532591816
Data Analyst,2,Master,Automotive,99641.91572559786
Data Scientist,8,Bachelor,Telecommunications,139731.17292831326
AI Product Manager,10,Bachelor,Finance,172542.71646877655
Deep Learning Engineer,0,Master,Manufacturing,63613.002644812565
Data Scientist,6,PhD,Healthcare,111282.78421099504
Machine Learning Researcher,15,Associate,Automotive,218281.86901143362
Principal Data Scientist,8,PhD,Education,140341.14349274663
AI Research Scientist,8,Bachelor,Consulting,113016.47158385525
AI Software Engineer,4,Bachelor,Telecommunications,101947.65393454106
Data Engineer,1,Master,Energy,57150.47643378721
Data Scientist,1,PhD,Automotive,57504.414083755044
Data Analyst,7,PhD,Gaming,142172.715313177
Autonomous Systems Engineer,0,PhD,Education,64424.07741467954
Machine Learning Engineer,9,PhD,Media,120614.77880857972
Principal Data Scientist,14,PhD,Automotive,222686.4512303288
Robotics Engineer,4,Bachelor,Healthcare,79927.89058892908
AI Product Manager,1,Bachelor,Energy,74835.55351484324
AI Product Manager,1,PhD,Telecommunications,75285.62441759964
AI Consultant,3,Bachelor,Telecommunications,79442.97940515011
AI Consultant,3,Master,Telecommunications,101797.51369577707
AI Consultant,6,Master,Gaming,140803.7044576067
Deep Learning Engineer,4,Associate,Gaming,88011.31838770813
Deep Learning Engineer,0,Associate,Gaming,73884.57500073424
NLP Engineer,2,Associate,Energy,101109.1029245383
AI Consultant,3,Master,Technology,79068.88329997129
Data Analyst,1,Associate,Manufacturing,72488.10125156296
ML Ops Engineer,3,Associate,Gaming,88030.49371959249
Principal Data Scientist,3,Master,Real Estate,101089.22578267203
Data Engineer,1,Master,Healthcare,58132.8514056388
Data Analyst,6,Master,Gaming,112737.44769029546
Research Scientist,0,Master,Automotive,56737.813422209794
Data Engineer,1,Master,Education,57919.9001422633
Data Engineer,2,Associate,Gaming,101879.31974802652
Autonomous Systems Engineer,3,Associate,Transportation,100987.20509586812
AI Specialist,2,Master,Consulting,78056.22317147328
AI Specialist,11,PhD,Consulting,169809.83976028085
Data Analyst,2,Associate,Consulting,86848.93065450017
AI Product Manager,3,PhD,Energy,101447.10340964922
Machine Learning Researcher,10,PhD,Manufacturing,171062.90408104207
Research Scientist,2,PhD,Energy,101314.09644947437
AI Product Manager,2,Master,Education,89141.18883006703
ML Ops Engineer,1,PhD,Telecommunications,57525.02720304584
Data Engineer,13,Master,Finance,188515.8868104084
AI Architect,0,PhD,Manufacturing,57347.76516486294
Autonomous Systems Engineer,1,PhD,Energy,56508.44241791673
Principal Data Scientist,15,Bachelor,Transportation,176711.61206078363
NLP Engineer,5,Bachelor,Manufacturing,121452.372861202
Research Scientist,1,Bachelor,Telecommunications,65690.7569614754
Data Scientist,16,Bachelor,Technology,173617.91358513018
Computer Vision Engineer,8,Associate,Automotive,113194.05669098475
ML Ops Engineer,5,Master,Transportation,121185.4563071853
Principal Data Scientist,3,Master,Gaming,79575.48101927305
AI Product Manager,5,PhD,Transportation,110699.6535714844
Data Analyst,5,Associate,Healthcare,119082.6270408205
Autonomous Systems Engineer,0,PhD,Energy,56245.432443216145
Autonomous Systems Engineer,19,PhD,Consulting,226783.6253319055
Robotics Engineer,7,Associate,Media,121512.85299834415
AI Specialist,2,PhD,Real Estate,77604.21749369023
AI Software Engineer,5,Master,Finance,142049.90804752463
Data Engineer,8,Bachelor,Manufacturing,143245.04497378654
Head of AI,4,Bachelor,Education,88608.09862371293
Research Scientist,8,PhD,Real Estate,123337.63753939781
AI Consultant,12,Associate,Energy,209077.0506603039
Research Scientist,0,Associate,Retail,58029.92260852482
NLP Engineer,0,PhD,Finance,64346.85206221456
ML Ops Engineer,0,Associate,Automotive,64033.82297595646
AI Consultant,1,PhD,Media,73462.653033233
Data Engineer,4,PhD,Energy,89267.23526763901
Deep Learning Engineer,1,Master,Media,74289.96629261356
AI Architect,15,PhD,Education,221943.45636845945
Data Analyst,0,Associate,Real Estate,55946.08472902731
Computer Vision Engineer,2,PhD,Manufacturing,101115.23874382288
Machine Learning Engineer,14,Master,Energy,218488.52540224476
AI Software Engineer,1,Master,Manufacturing,75702.48700939082
Data Analyst,4,Associate,Education,78638.94712781033
AI Software Engineer,1,Master,Transportation,64126.56548696077
Data Engineer,0,PhD,Healthcare,65608.3847057537
Data Analyst,4,Associate,Finance,86978.64883059193
Data Analyst,1,Master,Automotive,62934.68627564919
AI Software Engineer,8,Bachelor,Real Estate,141879.26193453342
Head of AI,12,Associate,Real Estate,190553.41924686581
Data Scientist,1,Associate,Government,58034.26843183649
Autonomous Systems Engineer,6,Master,Technology,121313.67275610517
ML Ops Engineer,6,Master,Healthcare,121034.13151339983
AI Product Manager,18,PhD,Finance,219747.48726812063
AI Software Engineer,0,Bachelor,Finance,58455.67304039257
Deep Learning Engineer,14,Master,Government,194383.9030982947
Principal Data Scientist,8,Associate,Technology,114525.4124891111
Machine Learning Researcher,2,PhD,Manufacturing,78503.99364163945
AI Specialist,2,Bachelor,Automotive,82950.97159334175
Robotics Engineer,18,PhD,Retail,216777.28711113986
Machine Learning Researcher,4,Bachelor,Government,100802.16554592224
ML Ops Engineer,3,Master,Telecommunications,79471.58307717388
Data Analyst,9,Associate,Media,112130.42325035133
Data Analyst,19,PhD,Technology,203172.75964599493
Machine Learning Researcher,14,Bachelor,Media,174925.04418082116
AI Architect,1,Associate,Energy,74778.09258144337
AI Consultant,18,PhD,Retail,191081.15186963623
AI Specialist,12,Master,Healthcare,168316.22771178413
AI Architect,5,Bachelor,Real Estate,111416.31186393101
AI Research Scientist,6,Bachelor,Transportation,111559.58402659936
Autonomous Systems Engineer,3,Bachelor,Transportation,79043.41751127614
Data Analyst,3,Associate,Consulting,86848.93065450017
ML Ops Engineer,1,Bachelor,Consulting,74515.97188690121
Deep Learning Engineer,3,Master,Energy,78992.32780207184
AI Research Scientist,2,Associate,Government,101097.86148370737
ML Ops Engineer,9,Master,Automotive,112222.60697436222
Data Analyst,0,PhD,Manufacturing,72944.70508267856
Data Analyst,4,Master,Gaming,98520.80154734539
Robotics Engineer,16,PhD,Retail,216408.14420555084
Machine Learning Researcher,10,Master,Media,188428.01658050885
AI Product Manager,5,Bachelor,Gaming,122886.22429733405
ML Ops Engineer,9,Bachelor,Manufacturing,113109.76635777416
ML Ops Engineer,0,Associate,Finance,64033.82297595646
Research Scientist,16,Associate,Finance,189330.80884719745
AI Software Engineer,7,Bachelor,Media,120847.50803612823
AI Product Manager,8,Associate,Energy,113283.41658229746
Data Scientist,3,Master,Real Estate,87953.06190334423
AI Software Engineer,4,Master,Real Estate,102146.02272906987
Machine Learning Researcher,4,Bachelor,Real Estate,100696.88075456647
Principal Data Scientist,12,Bachelor,Real Estate,219161.41723614957
Data Scientist,19,PhD,Real Estate,169713.270058413
Robotics Engineer,18,PhD,Technology,189918.28110626066
Autonomous Systems Engineer,4,Bachelor,Automotive,101869.23010501674
Autonomous Systems Engineer,1,PhD,Energy,56508.44241791673
NLP Engineer,0,Master,Transportation,56486.30671204875
Data Analyst,4,Associate,Consulting,86848.93065450017
Data Engineer,1,PhD,Healthcare,65871.39468045431
Head of AI,13,Bachelor,Retail,192762.68394310266
AI Specialist,5,Associate,Finance,118868.9662766726
Principal Data Scientist,10,Master,Education,215611.36880873385
ML Ops Engineer,4,PhD,Government,87496.11801249027
Data Scientist,0,Master,Education,57009.87974474477
Autonomous Systems Engineer,18,PhD,Real Estate,226242.03667249612
Principal Data Scientist,10,Bachelor,Transportation,188871.88335309393
Head of AI,0,Bachelor,Automotive,75168.05600712058
AI Architect,9,PhD,Healthcare,142250.9505182411
Machine Learning Researcher,0,PhD,Energy,63560.72189421891
Research Scientist,3,Bachelor,Real Estate,101340.73249283308
Deep Learning Engineer,0,Associate,Consulting,56897.8669276457
Computer Vision Engineer,4,Bachelor,Gaming,88348.76939349434
Robotics Engineer,3,Master,Technology,88795.2701455813
Autonomous Systems Engineer,3,PhD,Automotive,78224.81685546756
Data Analyst,2,PhD,Transportation,86525.55092580886
AI Software Engineer,14,Bachelor,Transportation,217252.8684701307
Data Analyst,6,Associate,Retail,141727.78102703844
Data Scientist,4,Associate,Technology,87944.12658076751
AI Research Scientist,9,Bachelor,Gaming,142954.22293602736
Data Analyst,9,Bachelor,Energy,121611.65805018395
AI Consultant,1,Bachelor,Retail,74617.23974009973
AI Research Scientist,17,Bachelor,Finance,218508.39418301842
Robotics Engineer,10,Master,Energy,187772.79456521693
Data Scientist,0,Master,Consulting,73942.0973310509
Autonomous Systems Engineer,4,Associate,Government,88273.01225487227
Data Engineer,4,Bachelor,Energy,89566.75267476178
Robotics Engineer,0,Master,Gaming,63382.59969846016
Head of AI,7,Associate,Retail,122525.36407794779
Computer Vision Engineer,14,Master,Technology,220749.37356329482
AI Software Engineer,9,Master,Manufacturing,111557.2620121463
AI Software Engineer,3,Master,Government,102251.30752042562
AI Product Manager,0,Associate,Finance,57301.07396168294
Data Analyst,4,Bachelor,Education,87075.29792091234
AI Software Engineer,7,Master,Media,120368.78655118389
AI Specialist,1,PhD,Retail,76283.86759654235
Machine Learning Researcher,16,PhD,Education,166343.6179391914
AI Research Scientist,0,PhD,Education,57221.375447647864
Computer Vision Engineer,3,PhD,Telecommunications,100747.69471259782
Research Scientist,0,Associate,Automotive,75322.91362696124
AI Consultant,9,PhD,Education,109343.05477450904
AI Architect,8,Bachelor,Transportation,113415.93943076703
Machine Learning Researcher,0,Bachelor,Retail,64591.115100084986
Machine Learning Researcher,16,Associate,Technology,191600.46296073133
Data Analyst,4,Bachelor,Healthcare,87075.29792091234
Machine Learning Engineer,3,Master,Telecommunications,78952.70212010131
Autonomous Systems Engineer,8,Master,Education,121224.06983265483
Principal Data Scientist,2,Bachelor,Media,100174.804075977
Machine Learning Researcher,13,PhD,Consulting,191203.58244851336
Data Analyst,3,Associate,Transportation,98759.89071644924
AI Architect,3,Bachelor,Education,102097.59593665964
AI Research Scientist,14,Bachelor,Education,220259.49628685383
Autonomous Systems Engineer,18,PhD,Telecommunications,170132.32676260913
AI Consultant,4,PhD,Automotive,78331.96478299942
AI Research Scientist,12,PhD,Telecommunications,189567.40867433217
Principal Data Scientist,0,Bachelor,Retail,58388.58351026264
Machine Learning Researcher,4,Associate,Finance,88119.10450528696
Deep Learning Engineer,4,Master,Manufacturing,88090.62920224863
AI Architect,3,Master,Gaming,78920.09603681404
Principal Data Scientist,15,Associate,Real Estate,172407.1610504203
Deep Learning Engineer,5,Bachelor,Manufacturing,111104.66591647736
Data Scientist,2,Master,Education,79450.96995788309
Autonomous Systems Engineer,1,Master,Real Estate,55908.61963577566
Data Engineer,1,Associate,Education,65467.416406171
AI Specialist,4,Bachelor,Media,77519.4520179463
Deep Learning Engineer,12,Associate,Automotive,176002.13580080308
Deep Learning Engineer,0,Associate,Healthcare,74220.3132601585
Computer Vision Engineer,8,PhD,Healthcare,112237.01812986154
AI Consultant,0,Master,Finance,73124.17597825543
Data Analyst,3,Associate,Telecommunications,98392.34668522417
AI Architect,13,Associate,Manufacturing,175984.30535369573
Data Analyst,3,PhD,Consulting,77916.99556232218
Robotics Engineer,2,Bachelor,Automotive,88608.09862371293
Head of AI,7,Bachelor,Consulting,141154.14131461072
Data Engineer,3,Master,Government,100404.14487472721
Data Scientist,10,Bachelor,Energy,188441.0090189731
Deep Learning Engineer,0,PhD,Consulting,64327.67673033018
AI Consultant,1,PhD,Finance,63609.09010402833
Autonomous Systems Engineer,8,PhD,Education,140166.5966595669
Deep Learning Engineer,8,Master,Real Estate,141573.49047189226
AI Consultant,3,Associate,Finance,87510.67760050567
Principal Data Scientist,1,PhD,Finance,64609.86203691516
AI Research Scientist,13,Associate,Telecommunications,216513.4607060554
Machine Learning Researcher,4,PhD,Government,100659.00327037684
Head of AI,2,Master,Government,88277.29162435573
Data Analyst,3,Associate,Retail,80278.56124212738
AI Software Engineer,10,Associate,Media,171124.25633249804
Head of AI,0,PhD,Retail,58169.71688215969
ML Ops Engineer,1,PhD,Education,57232.61323670374
Machine Learning Engineer,14,Master,Media,189666.2598634539
AI Research Scientist,4,Bachelor,Retail,86821.95353355873
AI Research Scientist,8,PhD,Retail,109999.60005905067
NLP Engineer,0,Associate,Energy,56156.004127974054
Machine Learning Engineer,1,Associate,Retail,57522.544915991806
NLP Engineer,11,Bachelor,Technology,174845.15876138135
Data Scientist,14,Bachelor,Transportation,218850.5526549999
Computer Vision Engineer,14,Bachelor,Transportation,172975.17297858314
Machine Learning Engineer,19,Bachelor,Energy,188246.08984893962
Deep Learning Engineer,0,Master,Technology,74441.5317344839
Deep Learning Engineer,3,Master,Technology,101646.7713574399
Data Scientist,19,PhD,Automotive,184252.31360034103
AI Specialist,5,Bachelor,Consulting,141653.7306685796
Computer Vision Engineer,14,Bachelor,Transportation,172975.17297858314
AI Architect,0,Bachelor,Manufacturing,75378.15416866128
AI Architect,2,PhD,Energy,88227.58536388213
Data Engineer,17,Master,Manufacturing,214820.662648066
Machine Learning Researcher,1,Associate,Gaming,63423.532108751504
Machine Learning Researcher,10,PhD,Finance,171514.72995932685
Research Scientist,2,PhD,Government,101302.85500864344
Principal Data Scientist,3,PhD,Gaming,100779.50048439862
Principal Data Scientist,1,Bachelor,Energy,63624.05833250138
Research Scientist,13,Master,Consulting,218233.87112353306
Principal Data Scientist,2,Bachelor,Gaming,80111.25123399483
Robotics Engineer,9,PhD,Manufacturing,141411.75560094975
Research Scientist,8,Associate,Transportation,143326.39991233728
Computer Vision Engineer,1,PhD,Telecommunications,74901.11074726372
Deep Learning Engineer,9,PhD,Gaming,143545.54251016054
Robotics Engineer,4,Master,Gaming,87860.2262558962
Computer Vision Engineer,0,Master,Media,56173.928438029165
Principal Data Scientist,7,Bachelor,Energy,112224.92234437552
Data Engineer,10,PhD,Telecommunications,187650.94269685622
AI Specialist,18,Bachelor,Energy,168241.55124160583
AI Specialist,8,Master,Manufacturing,123576.59121096079
Deep Learning Engineer,4,Master,Telecommunications,100825.13925032975
Data Analyst,5,Bachelor,Telecommunications,138186.48545700623
AI Consultant,1,Bachelor,Transportation,56720.71301472556
Research Scientist,9,PhD,Automotive,143264.08039301427
Data Engineer,2,PhD,Education,102168.54482222581
AI Product Manager,18,Associate,Retail,172801.23121593523
NLP Engineer,17,Master,Manufacturing,169893.78681858905
Principal Data Scientist,1,PhD,Consulting,57746.131758282194
Machine Learning Engineer,12,Bachelor,Finance,190553.41924686581
Machine Learning Engineer,19,Associate,Education,214721.7951342638
Research Scientist,4,Master,Finance,80069.94883801455
Data Engineer,10,PhD,Consulting,218712.71956582094
Robotics Engineer,6,PhD,Transportation,141106.47739135896
Data Engineer,5,Bachelor,Transportation,112534.18781635896
Head of AI,9,PhD,Technology,141865.8436768348
Head of AI,18,Bachelor,Gaming,215983.90307039197
Research Scientist,8,Associate,Government,143262.5094669968
AI Research Scientist,2,Bachelor,Media,100968.39498680233
Data Engineer,0,Associate,Energy,57326.58758348798
AI Research Scientist,3,Master,Automotive,88341.18206969622
AI Consultant,10,PhD,Technology,170715.6664317412
AI Specialist,8,PhD,Technology,142510.20350115644
Computer Vision Engineer,8,PhD,Consulting,111846.48175935652
Computer Vision Engineer,15,Master,Real Estate,217246.31091579818
AI Architect,6,Associate,Real Estate,121734.73573812642
Machine Learning Researcher,16,Bachelor,Government,172049.13219803636
AI Software Engineer,0,Bachelor,Healthcare,59435.901961715455
AI Research Scientist,3,Bachelor,Finance,80354.21234257528
Head of AI,10,Associate,Finance,217654.32220372034
Machine Learning Engineer,4,Associate,Manufacturing,100291.44277762518
Principal Data Scientist,1,Associate,Transportation,57701.95633272917
Computer Vision Engineer,2,PhD,Real Estate,79220.40997326121
Head of AI,0,PhD,Automotive,76535.9910158304
Data Analyst,4,Associate,Media,77833.32231357828
ML Ops Engineer,1,PhD,Automotive,57232.61323670374
Autonomous Systems Engineer,8,Associate,Media,123266.13165748048
Data Analyst,14,Master,Gaming,172775.65295180934
NLP Engineer,2,Master,Telecommunications,100890.8569881432
AI Architect,7,PhD,Real Estate,120973.1838120953
Robotics Engineer,18,Master,Transportation,216019.7459746988
Computer Vision Engineer,12,Bachelor,Manufacturing,219161.41723614957
Machine Learning Researcher,0,Bachelor,Automotive,58028.400024571936
AI Product Manager,2,Bachelor,Consulting,89278.38720799197
Principal Data Scientist,1,Associate,Energy,56932.53262425308
AI Product Manager,9,Master,Retail,124281.74661401213
Research Scientist,7,Bachelor,Consulting,141405.64802477177
Deep Learning Engineer,2,Associate,Automotive,79590.72932642873
Autonomous Systems Engineer,9,Associate,Real Estate,123181.84132426989
Principal Data Scientist,7,Bachelor,Manufacturing,121512.85299834415
Deep Learning Engineer,10,PhD,Energy,170861.75846197637
Autonomous Systems Engineer,19,Master,Government,191244.41971548583
Principal Data Scientist,4,Master,Media,100174.804075977
NLP Engineer,11,Bachelor,Media,172636.95960484087
Machine Learning Researcher,2,Associate,Manufacturing,79225.94520712763
AI Consultant,4,Associate,Energy,87298.74819604057
Data Scientist,16,Bachelor,Consulting,171965.14771102802
AI Research Scientist,12,PhD,Gaming,175553.59821502486
AI Consultant,19,Bachelor,Media,167106.6339814447
Machine Learning Researcher,1,Master,Media,73963.3390023215
Autonomous Systems Engineer,7,PhD,Transportation,110126.51028629081
AI Architect,7,Associate,Media,121124.98900959641
Research Scientist,1,Bachelor,Finance,64644.98875113852
AI Specialist,19,PhD,Automotive,228805.0136170634
Machine Learning Researcher,0,Bachelor,Technology,63862.696422176305
Data Engineer,0,Associate,Manufacturing,75339.3370763749
Deep Learning Engineer,1,Master,Government,74516.08187983901
Data Analyst,1,PhD,Finance,73465.20666003204
Data Scientist,17,Associate,Government,171226.41352844803
NLP Engineer,17,Master,Healthcare,185423.49062451988
Research Scientist,4,Associate,Consulting,79869.7969453942
Machine Learning Engineer,1,Associate,Technology,74332.24580402047
ML Ops Engineer,11,Associate,Government,173738.94317015598
AI Software Engineer,0,Associate,Telecommunications,76522.96125373986
Head of AI,15,Associate,Consulting,188951.2524726884
Deep Learning Engineer,10,Bachelor,Transportation,217858.3123664724
Robotics Engineer,0,Associate,Finance,57564.70085347183
Deep Learning Engineer,0,Associate,Real Estate,56897.8669276457
Computer Vision Engineer,17,Associate,Education,217214.14833017753
Deep Learning Engineer,1,PhD,Retail,58685.58350832426
AI Software Engineer,2,PhD,Technology,79350.42674563007
Robotics Engineer,5,Bachelor,Government,121388.48241586151
AI Research Scientist,0,Bachelor,Transportation,57022.07692677053
NLP Engineer,6,PhD,Transportation,120751.30107231303
AI Research Scientist,4,Master,Energy,101205.7520148587
AI Product Manager,3,Bachelor,Gaming,79535.27280753135
ML Ops Engineer,5,Bachelor,Consulting,141093.66117746857
AI Architect,14,PhD,Transportation,225527.51986412233
Machine Learning Researcher,6,Bachelor,Gaming,112818.82849900781
Data Analyst,12,PhD,Education,168296.90294473834
Data Analyst,17,Master,Media,167861.00970381775
NLP Engineer,2,Associate,Consulting,88381.73135730074
Deep Learning Engineer,2,Master,Education,100584.78698640248
AI Product Manager,1,Bachelor,Transportation,65193.488801348285
Machine Learning Engineer,13,Bachelor,Energy,219108.76823164005
AI Research Scientist,2,PhD,Media,78090.71385551293
Computer Vision Engineer,15,PhD,Finance,171800.8654157881
Machine Learning Engineer,1,Associate,Real Estate,56669.556854078146
Robotics Engineer,1,Master,Real Estate,74476.51482629674
Deep Learning Engineer,3,PhD,Energy,78868.77776094057
Data Engineer,10,Associate,Retail,176411.6224620103
AI Specialist,6,PhD,Finance,119271.75615938123
Principal Data Scientist,16,PhD,Gaming,176666.99186444737
Deep Learning Engineer,0,Associate,Media,73930.30722759257
Data Engineer,6,Associate,Automotive,122683.43645385811
AI Software Engineer,0,Associate,Manufacturing,76137.15104097014
Deep Learning Engineer,10,Master,Energy,170985.30850310763
AI Architect,11,Bachelor,Consulting,175468.506872824
ML Ops Engineer,18,Bachelor,Technology,219294.8559226069
Data Analyst,8,Master,Retail,141905.54463891216
Machine Learning Engineer,1,PhD,Healthcare,56047.29601106693
Computer Vision Engineer,1,Bachelor,Telecommunications,58824.10165202049
Data Analyst,8,PhD,Gaming,123336.92658797953
ML Ops Engineer,5,Master,Retail,122038.44436909896
Data Analyst,3,PhD,Education,86525.55092580886
Data Engineer,6,Bachelor,Retail,143527.26175583855
AI Product Manager,1,Bachelor,Energy,56816.95248877284
Data Engineer,4,Bachelor,Transportation,80885.52278106753
Data Scientist,4,Master,Consulting,87992.5189639487
Autonomous Systems Engineer,2,PhD,Telecommunications,100573.14787941807
Data Engineer,7,Bachelor,Gaming,143293.8129063719
Data Engineer,15,Associate,Technology,175321.31784393822
Data Scientist,16,Bachelor,Government,218182.27265491523
NLP Engineer,1,Associate,Manufacturing,57188.43781115072
Autonomous Systems Engineer,0,PhD,Telecommunications,56590.49541406781
AI Research Scientist,4,Bachelor,Telecommunications,88900.512590055
Machine Learning Researcher,8,Associate,Education,141139.40331004647
AI Research Scientist,1,Associate,Real Estate,57188.43781115072
Data Engineer,4,Master,Automotive,103097.08301659941
AI Product Manager,1,Associate,Education,57489.72710692852
Data Analyst,13,Master,Finance,216075.5599367891
Research Scientist,14,PhD,Real Estate,171805.1831540844
ML Ops Engineer,1,Associate,Education,74549.04097267258
Research Scientist,6,Associate,Energy,111599.1613322953
AI Consultant,7,PhD,Finance,138318.99516009557
Head of AI,1,Bachelor,Government,64329.59159563697
AI Specialist,7,Associate,Technology,122705.17228843262
Research Scientist,5,Associate,Real Estate,110778.16595342514
AI Architect,3,Bachelor,Automotive,102882.97185548785
Data Engineer,8,Master,Transportation,113409.76861936942
Deep Learning Engineer,14,PhD,Automotive,174832.14597630434
NLP Engineer,4,PhD,Gaming,78415.38285594499
Computer Vision Engineer,1,Bachelor,Technology,58080.41923010405
AI Software Engineer,1,Master,Telecommunications,57795.08489708624
Data Scientist,1,PhD,Consulting,64261.19893116766
Deep Learning Engineer,0,Master,Manufacturing,63613.002644812565
Autonomous Systems Engineer,0,Bachelor,Gaming,73872.39499568839
Autonomous Systems Engineer,2,Associate,Real Estate,100987.20509586812
AI Architect,16,PhD,Transportation,170996.44876425018
NLP Engineer,3,PhD,Government,78690.10343385515
Computer Vision Engineer,8,Bachelor,Gaming,143038.51326923794
Head of AI,9,Associate,Education,121793.04781756831
AI Specialist,11,Bachelor,Finance,219383.27335351837
Research Scientist,5,PhD,Consulting,120846.82929303829
Principal Data Scientist,0,Associate,Real Estate,74286.03099797198
Machine Learning Researcher,6,Associate,Government,121892.25516383049
AI Specialist,18,Master,Gaming,217743.7061265894
Data Engineer,5,Bachelor,Energy,122411.02691225086
Research Scientist,15,Master,Healthcare,185717.0875017476
ML Ops Engineer,7,Bachelor,Healthcare,141461.44459783199
Head of AI,6,Bachelor,Gaming,112375.53588818098
AI Research Scientist,1,PhD,Media,64319.85600434922
Principal Data Scientist,1,Bachelor,Media,73562.0931196017
AI Research Scientist,5,Associate,Media,120615.4277436211
Data Analyst,6,Master,Finance,139974.33056675666
AI Product Manager,8,Master,Real Estate,142439.21497007654
AI Product Manager,0,Bachelor,Manufacturing,74617.77066109651
AI Product Manager,3,PhD,Manufacturing,88442.86529894533
Head of AI,3,Bachelor,Real Estate,88438.92338701666
AI Research Scientist,14,Bachelor,Gaming,222861.77017100365
Deep Learning Engineer,9,Associate,Telecommunications,121983.05289350094
Robotics Engineer,4,Master,Consulting,79179.16911083179
AI Research Scientist,17,PhD,Retail,168528.1399452683
AI Architect,11,PhD,Telecommunications,173231.33082389392
Data Analyst,4,Master,Technology,99310.62788265472
Robotics Engineer,1,Bachelor,Technology,64695.56782939792
AI Software Engineer,15,PhD,Real Estate,168085.80121108188
ML Ops Engineer,18,PhD,Gaming,188427.30464852738
Research Scientist,3,Associate,Telecommunications,101045.71460798384
AI Research Scientist,0,Master,Finance,57125.57972907046
AI Software Engineer,16,PhD,Healthcare,215713.4258829034
Deep Learning Engineer,4,PhD,Automotive,78868.77776094057
AI Software Engineer,16,PhD,Media,216987.3985192459
Autonomous Systems Engineer,6,Master,Real Estate,120859.58468022008
AI Product Manager,5,Associate,Government,141300.13565813925
Robotics Engineer,1,Associate,Energy,56419.01410267463
Research Scientist,15,Master,Transportation,170431.08220392014
Computer Vision Engineer,3,PhD,Gaming,78908.62939615746
AI Specialist,5,Bachelor,Media,109617.1428938965
Data Engineer,13,Associate,Consulting,173643.54195648374
Machine Learning Engineer,18,Bachelor,Technology,172864.91315693696
Deep Learning Engineer,12,Bachelor,Media,195078.79998241778
Machine Learning Researcher,0,Bachelor,Finance,57269.0049156867
Machine Learning Engineer,0,PhD,Retail,63403.72690014475
Research Scientist,1,Bachelor,Energy,56767.169903156086
Head of AI,0,Associate,Technology,74410.60038197695
Data Analyst,1,Associate,Government,57054.92532441366
Autonomous Systems Engineer,4,Master,Energy,101031.20518167898
AI Product Manager,12,Associate,Consulting,219155.40324870613
Head of AI,2,Bachelor,Real Estate,101089.22578267203
Computer Vision Engineer,0,Associate,Gaming,73950.29273854772
AI Architect,0,Associate,Retail,76134.49314025452
AI Architect,18,Bachelor,Real Estate,171322.51120839012
NLP Engineer,9,PhD,Finance,112579.04955029716
AI Architect,2,Associate,Consulting,88603.614097083
Principal Data Scientist,3,Bachelor,Education,101258.40101936828
Principal Data Scientist,11,Master,Transportation,189328.04648971162
Data Engineer,7,Bachelor,Education,142514.75067623492
Research Scientist,19,Bachelor,Energy,169625.9448082594
Data Scientist,17,PhD,Consulting,214211.88590261055
Data Engineer,12,Master,Telecommunications,189267.4426169232
AI Software Engineer,3,Bachelor,Retail,103168.18602767978
ML Ops Engineer,17,Master,Finance,215934.1298994075
AI Product Manager,0,PhD,Gaming,64100.98682121868
Machine Learning Researcher,0,Associate,Media,63351.47191528497
Data Engineer,16,Associate,Government,172492.60524920208
Head of AI,7,Bachelor,Consulting,121205.54971512289
AI Research Scientist,19,Master,Consulting,169145.30154788273
Research Scientist,0,Associate,Healthcare,64285.329686117504
AI Research Scientist,4,Associate,Retail,86725.30444323832
AI Research Scientist,3,Bachelor,Telecommunications,100890.8569881432
Computer Vision Engineer,0,Bachelor,Real Estate,57346.148230286744
Machine Learning Researcher,3,PhD,Automotive,102906.93776045249
Research Scientist,1,Bachelor,Retail,65497.97681305217
Data Analyst,8,Bachelor,Consulting,140419.3470530791
Research Scientist,8,Associate,Finance,143583.89151499016
Research Scientist,2,Associate,Real Estate,79869.7969453942
Machine Learning Researcher,9,Master,Gaming,144597.2491119406
AI Architect,15,Bachelor,Finance,221562.44600710168
AI Consultant,8,Master,Technology,120836.03699170874
Research Scientist,19,Bachelor,Healthcare,167555.737167674
NLP Engineer,7,Bachelor,Energy,141408.79559332243
AI Architect,2,Associate,Media,78424.80143225336
Computer Vision Engineer,3,Master,Government,101194.51057402778
Machine Learning Engineer,1,Associate,Finance,57308.82987109986
AI Architect,19,Bachelor,Gaming,188924.5026150734
Deep Learning Engineer,4,Bachelor,Automotive,79687.37841674915
Robotics Engineer,4,Bachelor,Retail,86107.08201359256
AI Product Manager,0,PhD,Healthcare,75240.7353765923
NLP Engineer,17,PhD,Manufacturing,220351.96004045813
AI Architect,2,Associate,Transportation,79840.17297501542
Computer Vision Engineer,4,Associate,Healthcare,88733.07611697394
ML Ops Engineer,4,PhD,Technology,88512.43970449449
AI Architect,3,PhD,Real Estate,78949.046172831
Computer Vision Engineer,7,Master,Retail,142262.15074650798
Data Engineer,18,Bachelor,Consulting,215219.21826953127
Computer Vision Engineer,13,PhD,Media,171805.1831540844
Data Scientist,1,PhD,Finance,63150.133748514105
Machine Learning Engineer,7,Master,Manufacturing,119378.22165581805
AI Architect,7,PhD,Healthcare,120973.1838120953
Deep Learning Engineer,14,PhD,Consulting,226202.32853399395
Data Scientist,0,Bachelor,Technology,56615.98105897248
AI Research Scientist,0,Bachelor,Real Estate,74213.50485159614
Deep Learning Engineer,0,Associate,Telecommunications,65060.41585440897
Head of AI,1,Bachelor,Retail,65246.47010289113
Machine Learning Researcher,5,PhD,Education,111257.14997656834
AI Software Engineer,14,PhD,Retail,189286.30061761395
AI Product Manager,5,PhD,Manufacturing,141642.31585548035
ML Ops Engineer,6,Master,Energy,118804.75628372576
Research Scientist,1,PhD,Automotive,76305.53740747803
AI Product Manager,0,Associate,Telecommunications,74906.93178354584
Deep Learning Engineer,3,Bachelor,Finance,82067.85201177516
Head of AI,7,Associate,Technology,112013.67210248443
Data Scientist,9,Master,Transportation,122250.28384438195
Autonomous Systems Engineer,0,Associate,Manufacturing,63859.27614277671
Deep Learning Engineer,0,Master,Automotive,63844.38018037579
AI Consultant,3,Master,Finance,79254.06824110793
AI Consultant,2,PhD,Education,99599.24303113305
Data Engineer,7,Master,Telecommunications,121785.8242431988
AI Research Scientist,16,PhD,Healthcare,219073.6974550527
Data Scientist,7,Bachelor,Transportation,121293.90806868843
AI Product Manager,1,Associate,Manufacturing,57489.72710692852
Data Analyst,7,PhD,Energy,139521.0276840488
AI Software Engineer,3,Master,Telecommunications,101947.65393454106
Computer Vision Engineer,15,Bachelor,Transportation,217866.55374519344
Machine Learning Researcher,13,Bachelor,Consulting,220981.57026229583
AI Specialist,8,Bachelor,Retail,112460.10630363988
Autonomous Systems Engineer,7,Bachelor,Media,141286.89776465227
Computer Vision Engineer,6,PhD,Education,141106.47739135896
AI Specialist,9,Bachelor,Automotive,107096.04035382973
Research Scientist,13,Associate,Real Estate,190553.41924686581
AI Research Scientist,14,Bachelor,Real Estate,222544.18927389107
AI Consultant,8,Associate,Gaming,139569.10472576407
Machine Learning Researcher,1,PhD,Consulting,56499.13207321767
ML Ops Engineer,0,Associate,Transportation,56925.42783645012
NLP Engineer,13,PhD,Finance,221901.07531150058
AI Architect,2,Master,Consulting,88433.34663338671
Machine Learning Engineer,0,PhD,Technology,73731.94569878082
Research Scientist,0,Master,Energy,63345.63851394512
Computer Vision Engineer,2,PhD,Technology,79843.67328584252
Data Scientist,1,Associate,Education,64077.88802100132
Data Scientist,1,Bachelor,Telecommunications,58602.65595885932
Principal Data Scientist,4,PhD,Automotive,88058.35162860942
Autonomous Systems Engineer,0,Bachelor,Manufacturing,74208.13325511264
Principal Data Scientist,13,PhD,Media,189383.4294223671
AI Specialist,3,Bachelor,Telecommunications,101450.92647925425
ML Ops Engineer,7,Associate,Education,111559.58402659936
AI Architect,18,PhD,Manufacturing,170553.93438132768
AI Architect,18,Associate,Media,165302.15920572623
AI Architect,0,Bachelor,Government,75314.26372332078
Machine Learning Researcher,0,Associate,Transportation,56533.08280834458
Research Scientist,19,Associate,Healthcare,214834.5718759745
Principal Data Scientist,6,Associate,Healthcare,141461.44459783199
Machine Learning Engineer,5,Bachelor,Government,110116.31679358792
AI Specialist,4,PhD,Education,101675.30823493392
AI Consultant,13,Master,Finance,170427.69527844142
AI Software Engineer,12,Master,Education,214756.3705521658
Data Engineer,15,PhD,Automotive,189542.8766099204
Head of AI,2,Master,Finance,79818.4421278535
Machine Learning Researcher,17,PhD,Education,166627.1447694892
ML Ops Engineer,0,Associate,Gaming,73950.29273854772
ML Ops Engineer,5,Bachelor,Education,121452.372861202
AI Architect,19,Associate,Technology,176473.90969909617
Data Analyst,15,Associate,Education,183054.96872126363
AI Research Scientist,6,Bachelor,Transportation,141461.44459783199
AI Specialist,4,Associate,Energy,78016.49833739284
AI Architect,8,Master,Retail,143490.91420660072
Research Scientist,4,Master,Education,101509.90772952932
Data Engineer,4,Master,Transportation,89511.76552521018
Research Scientist,9,Master,Government,112741.66268385883
NLP Engineer,11,Bachelor,Telecommunications,170856.45304452511
AI Product Manager,6,PhD,Media,121135.81474264893
Principal Data Scientist,1,Bachelor,Real Estate,64224.306804281216
NLP Engineer,7,Associate,Energy,111347.65462213426
Head of AI,9,Bachelor,Energy,123144.45875298453
AI Product Manager,11,Associate,Education,170653.55591358145
ML Ops Engineer,1,Master,Real Estate,74476.51482629674
ML Ops Engineer,3,Bachelor,Finance,80354.21234257528
Data Scientist,4,PhD,Real Estate,87670.23146225745
Research Scientist,2,PhD,Technology,101820.833529869
Principal Data Scientist,2,PhD,Gaming,79292.65057818627
AI Specialist,14,Associate,Finance,171680.53738991942
NLP Engineer,14,Associate,Government,219353.67973543843
Machine Learning Engineer,4,PhD,Automotive,78026.0295183223
Deep Learning Engineer,4,Master,Gaming,78670.65238822736
AI Product Manager,4,Bachelor,Education,102058.4077797391
Head of AI,7,Bachelor,Real Estate,121512.85299834415
Robotics Engineer,3,Bachelor,Telecommunications,80007.35329189568
Computer Vision Engineer,1,Associate,Finance,64518.45953423849
AI Specialist,1,Bachelor,Consulting,75076.04137801226
AI Software Engineer,1,PhD,Consulting,57232.61323670374
Data Analyst,0,Associate,Media,71935.08524429641
Computer Vision Engineer,7,Bachelor,Telecommunications,110604.95807212942
ML Ops Engineer,11,Associate,Finance,190215.20587312354
AI Consultant,1,Bachelor,Gaming,72793.9560908789
Robotics Engineer,1,PhD,Finance,64609.86203691516
ML Ops Engineer,5,PhD,Automotive,120902.62586609852
Machine Learning Researcher,6,Bachelor,Retail,113015.38771702982
Robotics Engineer,6,Master,Government,141185.74922156386
AI Software Engineer,0,Bachelor,Gaming,75898.06187186629
Principal Data Scientist,0,PhD,Consulting,74875.9266276964
Machine Learning Engineer,4,Bachelor,Real Estate,87568.614235594
AI Research Scientist,18,PhD,Technology,173954.49841421863
Autonomous Systems Engineer,7,Bachelor,Consulting,121031.00288194315
AI Architect,0,PhD,Automotive,57347.76516486294
Data Scientist,0,Bachelor,Telecommunications,58339.64598415872
Machine Learning Researcher,5,Master,Telecommunications,121209.85819229716
Data Analyst,3,PhD,Education,98713.37753122425
Data Scientist,7,Master,Automotive,141724.15100458285
Head of AI,11,Associate,Retail,174846.22430107775
AI Architect,4,Associate,Finance,102258.4384489921
Machine Learning Engineer,6,Master,Finance,139851.22141197548
Machine Learning Researcher,14,Master,Technology,176246.08395394968
Computer Vision Engineer,0,Bachelor,Retail,65205.08671177197
Robotics Engineer,15,Bachelor,Healthcare,215574.31277473818
Principal Data Scientist,1,Associate,Real Estate,64296.83295065706
Machine Learning Engineer,16,Associate,Finance,189692.87674749235
AI Architect,1,Master,Technology,55769.566001450854
Deep Learning Engineer,9,Associate,Gaming,113643.84088733274
Research Scientist,4,Associate,Education,101413.25863920891
Machine Learning Researcher,12,Bachelor,Healthcare,172632.80321036588
AI Research Scientist,3,Bachelor,Transportation,101258.40101936828
Data Engineer,13,Bachelor,Technology,219738.74173589447
Deep Learning Engineer,6,Master,Government,141120.0314837504
AI Architect,5,Master,Automotive,121407.33904696757
AI Consultant,2,Bachelor,Manufacturing,79150.565438808
Data Engineer,8,Master,Manufacturing,142624.8021443913
Data Scientist,9,Master,Consulting,112316.82271428402
Principal Data Scientist,3,PhD,Consulting,79773.60639198626
Machine Learning Engineer,8,PhD,Government,120169.05954789641
ML Ops Engineer,2,Bachelor,Media,88318.09259114697
AI Consultant,1,PhD,Media,63319.084071462385
Machine Learning Engineer,1,PhD,Government,62765.874287219514
AI Consultant,7,Master,Media,119286.9960315328
Deep Learning Engineer,17,PhD,Transportation,224919.3965752873
Head of AI,4,Associate,Media,88221.44350082656
NLP Engineer,4,Master,Government,101194.51057402778
Data Scientist,2,PhD,Gaming,78687.18370299629
AI Research Scientist,5,PhD,Government,141193.91173980394
Computer Vision Engineer,8,Master,Transportation,122553.51910724828
Data Scientist,3,Bachelor,Real Estate,79817.56493590862
Data Scientist,8,PhD,Media,141185.18135301062
AI Software Engineer,3,Associate,Consulting,102088.83069935394
Robotics Engineer,0,Master,Technology,74507.24947229736
Autonomous Systems Engineer,8,Associate,Government,142021.01376058074
Autonomous Systems Engineer,9,PhD,Media,122011.85149977116
Robotics Engineer,11,Bachelor,Finance,173088.78548312566
AI Software Engineer,13,Bachelor,Education,186360.17749380966
Computer Vision Engineer,6,PhD,Finance,141363.96899401187
AI Consultant,3,Bachelor,Energy,99689.75630216887
Data Analyst,2,Associate,Healthcare,78851.89839118584
AI Product Manager,7,PhD,Government,120573.58112652977
Data Scientist,8,Master,Automotive,112578.69815462411
AI Architect,0,PhD,Education,76252.89106980179
AI Research Scientist,7,Associate,Finance,112198.85704362107
AI Software Engineer,4,Associate,Manufacturing,88511.4495333925
Research Scientist,12,Associate,Energy,190341.4898424007
Research Scientist,1,Associate,Retail,65401.32772273176
AI Research Scientist,3,Master,Consulting,101128.6828432765
AI Product Manager,1,Associate,Gaming,64615.88389722786
Data Scientist,1,PhD,Transportation,64390.917107259425
Data Scientist,9,Bachelor,Transportation,123137.44322779389
NLP Engineer,0,Master,Manufacturing,74382.68008829239
Data Engineer,1,Associate,Education,75602.3470510755
Deep Learning Engineer,17,Associate,Consulting,173718.92212229775
Machine Learning Researcher,11,Master,Energy,189559.40969607336
AI Consultant,1,Associate,Energy,72422.90195146218
AI Architect,2,Bachelor,Transportation,102097.59593665964
Robotics Engineer,13,Associate,Consulting,172797.58787145364
Deep Learning Engineer,4,Bachelor,Transportation,101192.68328155481
Data Engineer,3,Associate,Retail,103068.04606936444
Principal Data Scientist,4,PhD,Manufacturing,79773.60639198626
Machine Learning Researcher,7,Master,Media,121477.42412422666
Data Engineer,0,Master,Government,73528.42394365135
Deep Learning Engineer,3,Master,Retail,81029.98411742345
Deep Learning Engineer,2,Associate,Finance,88492.27420150815
Research Scientist,6,PhD,Energy,120950.15877796452
AI Specialist,12,Associate,Retail,173437.9762078715
AI Research Scientist,16,Associate,Manufacturing,220254.89619099174
AI Consultant,6,Bachelor,Automotive,139201.84668274393
Machine Learning Researcher,2,Associate,Energy,79014.01580266253
AI Specialist,13,Bachelor,Manufacturing,173731.32852827897
Research Scientist,12,Associate,Education,188268.72625982857
Data Scientist,15,Master,Technology,218410.62710162118
Autonomous Systems Engineer,1,Master,Telecommunications,64997.786864117916
AI Specialist,0,Master,Real Estate,62571.4343362054
AI Software Engineer,1,Master,Energy,63357.14177848468
ML Ops Engineer,2,Master,Automotive,102043.77693819648
NLP Engineer,13,Associate,Manufacturing,190553.41924686581
AI Architect,9,PhD,Automotive,112161.65927305771
AI Software Engineer,5,PhD,Transportation,141649.25416932636
AI Specialist,6,PhD,Transportation,141666.54688247002
Computer Vision Engineer,11,Associate,Media,172636.95960484087
Deep Learning Engineer,2,Master,Transportation,88322.00673781185
AI Consultant,5,PhD,Technology,110306.76991733267
Machine Learning Researcher,12,Associate,Manufacturing,174925.04418082116
Machine Learning Researcher,2,Bachelor,Consulting,79322.59429744803
AI Consultant,13,PhD,Finance,185616.6927621486
Autonomous Systems Engineer,5,PhD,Media,120728.07903291877
AI Specialist,15,PhD,Telecommunications,216497.1685784206
Data Engineer,6,Bachelor,Technology,123137.52452974318
Autonomous Systems Engineer,2,Bachelor,Energy,88221.62238606809
Data Scientist,11,Bachelor,Technology,219918.0723389438
Data Engineer,17,Associate,Real Estate,171487.79145361716
AI Research Scientist,0,Associate,Retail,62247.67788580225
Machine Learning Researcher,8,Associate,Retail,124896.48218109067
Data Engineer,14,PhD,Gaming,222407.75794629916
AI Consultant,7,Master,Government,138140.7753876476
Research Scientist,16,Bachelor,Healthcare,187038.56787674216
AI Architect,3,Associate,Finance,88733.33227317478
AI Architect,3,PhD,Energy,79065.57240501768
Principal Data Scientist,0,Associate,Media,73202.43405458069
Robotics Engineer,4,Master,Real Estate,101089.22578267203
Head of AI,15,Master,Education,186012.7486585045
Deep Learning Engineer,9,Bachelor,Gaming,113643.84088733274
Autonomous Systems Engineer,17,PhD,Media,216505.6308030249
Research Scientist,1,Master,Automotive,64378.07219712181
AI Research Scientist,16,Associate,Education,186925.7911350315
Data Scientist,0,PhD,Real Estate,63958.73189586258
Autonomous Systems Engineer,18,PhD,Real Estate,190734.60740854725
Research Scientist,7,Associate,Real Estate,141712.95130799303
AI Architect,1,Associate,Energy,63749.29198196322
Research Scientist,0,PhD,Technology,57345.679356169174
Data Analyst,1,PhD,Energy,63365.333821094006
Data Scientist,7,Bachelor,Education,121293.90806868843
Machine Learning Engineer,1,Master,Healthcare,74126.8091059204
Robotics Engineer,6,Associate,Finance,141718.93620048487
AI Software Engineer,3,Bachelor,Education,88608.09862371293
Deep Learning Engineer,2,Master,Gaming,78670.65238822736
Autonomous Systems Engineer,1,Bachelor,Education,64218.935207797724
Computer Vision Engineer,0,PhD,Real Estate,57293.67456551936
Robotics Engineer,4,PhD,Real Estate,78727.16343304876
Computer Vision Engineer,7,PhD,Manufacturing,141106.47739135896
Robotics Engineer,9,PhD,Government,110893.54019875707
AI Research Scientist,0,Master,Real Estate,56317.13147535251
Machine Learning Researcher,14,PhD,Transportation,191333.30062460512
ML Ops Engineer,0,PhD,Gaming,63865.89624841455
Principal Data Scientist,4,Bachelor,Energy,101205.7520148587
Data Engineer,3,Bachelor,Gaming,80404.56696726751
ML Ops Engineer,9,Bachelor,Telecommunications,112155.14040330423
AI Architect,19,Associate,Consulting,189273.2850655542
Head of AI,0,Bachelor,Consulting,57022.07692677053
AI Consultant,18,Bachelor,Manufacturing,184265.25415459176
AI Consultant,0,Master,Consulting,55921.93282530319
AI Architect,17,Master,Healthcare,218069.93040036468
Research Scientist,4,Associate,Media,78414.48726315572
Machine Learning Researcher,0,Bachelor,Technology,63862.696422176305
Data Analyst,8,Bachelor,Energy,121695.94838339454
Computer Vision Engineer,14,PhD,Finance,189383.4294223671
Deep Learning Engineer,0,Bachelor,Gaming,56513.5602041661
Autonomous Systems Engineer,10,Master,Education,186387.466570911
AI Architect,5,PhD,Media,110425.99337699378
Head of AI,3,Bachelor,Healthcare,79927.89058892908
AI Product Manager,2,PhD,Automotive,88442.86529894533
Data Analyst,1,PhD,Technology,63720.06861402404
AI Research Scientist,1,PhD,Transportation,75268.65477848878
ML Ops Engineer,0,PhD,Automotive,64346.85206221456
AI Consultant,7,Associate,Finance,138673.96236656862
ML Ops Engineer,1,PhD,Retail,65065.00536385769
Machine Learning Researcher,14,Associate,Healthcare,218819.04746793234
Autonomous Systems Engineer,12,Bachelor,Real Estate,217649.399969148
AI Research Scientist,1,Bachelor,Consulting,57285.086901471135
NLP Engineer,5,Master,Retail,122038.44436909896
Robotics Engineer,0,Bachelor,Consulting,74252.96191220061
Computer Vision Engineer,2,Associate,Manufacturing,88733.07611697394
Data Scientist,3,Associate,Retail,80743.07914419813
Robotics Engineer,5,PhD,Media,110813.85736574151
AI Research Scientist,3,PhD,Manufacturing,101115.23874382288
Data Engineer,8,PhD,Transportation,142481.6398688459
AI Research Scientist,2,Master,Telecommunications,100890.8569881432
Research Scientist,6,Master,Retail,122298.1493031645
Data Analyst,4,PhD,Education,86525.55092580886
Data Engineer,1,Bachelor,Manufacturing,75698.99614139591
Data Analyst,1,Bachelor,Real Estate,72415.57510518712
Deep Learning Engineer,0,PhD,Education,63971.552620822564
AI Product Manager,5,Master,Real Estate,142031.7959843644
Computer Vision Engineer,2,Bachelor,Technology,80662.2739416511
AI Specialist,5,Associate,Finance,141381.58043687287
AI Software Engineer,4,PhD,Retail,102627.17901716326
Data Engineer,11,PhD,Consulting,172226.28794626796
Principal Data Scientist,8,Associate,Telecommunications,140042.03750946297
Autonomous Systems Engineer,0,Master,Automotive,74993.50917394085
Autonomous Systems Engineer,2,Associate,Energy,88124.97329574768
Principal Data Scientist,1,PhD,Government,64047.62842079599
Research Scientist,7,PhD,Gaming,123456.62885271695
AI Architect,2,Bachelor,Real Estate,79767.64682863958
Data Analyst,8,Master,Transportation,121020.71840444769
ML Ops Engineer,12,Master,Retail,174297.27829140806
Principal Data Scientist,0,Bachelor,Telecommunications,74768.49030106212
AI Specialist,6,Associate,Consulting,109635.53745252137
AI Specialist,15,Bachelor,Energy,187300.16488449607
AI Research Scientist,13,PhD,Transportation,225283.84734924207
AI Architect,11,Associate,Gaming,193541.91914534877
Computer Vision Engineer,16,Bachelor,Technology,191970.52361331935
Head of AI,12,Master,Manufacturing,218541.17440675432
AI Consultant,5,Bachelor,Gaming,139484.61476834238
Computer Vision Engineer,1,PhD,Technology,58027.94556533666
AI Specialist,12,PhD,Energy,187851.23550492572
Machine Learning Researcher,13,PhD,Telecommunications,218355.9531746579
AI Consultant,4,Bachelor,Education,79150.565438808
Deep Learning Engineer,2,Bachelor,Transportation,88588.92329182856
Machine Learning Engineer,5,Associate,Consulting,139262.30722261153
Head of AI,4,Master,Media,88051.17603713027
AI Consultant,12,Bachelor,Healthcare,168570.78781311333
Data Scientist,15,Associate,Media,217555.68916404375
NLP Engineer,19,PhD,Finance,221286.46805838004
Principal Data Scientist,0,Associate,Manufacturing,57438.94635802857
AI Product Manager,1,Master,Transportation,75445.6968233638
Computer Vision Engineer,7,Bachelor,Consulting,141154.14131461072
AI Software Engineer,3,Master,Consulting,79179.16911083179
Research Scientist,1,PhD,Media,63921.67784650383
Autonomous Systems Engineer,7,Bachelor,Transportation,121338.30616516442
Research Scientist,0,Associate,Finance,57816.20756363288
AI Product Manager,9,PhD,Telecommunications,111406.68201330335
Deep Learning Engineer,0,Master,Automotive,56458.745803244325
Computer Vision Engineer,18,Bachelor,Gaming,190802.7662949438
Principal Data Scientist,0,Associate,Automotive,64033.82297595646
Data Analyst,15,Bachelor,Energy,168865.46801016547
Computer Vision Engineer,14,PhD,Telecommunications,170560.41182252357
Machine Learning Engineer,0,Bachelor,Education,63863.36329484901
AI Research Scientist,8,Bachelor,Media,123440.67849066023
Principal Data Scientist,9,Master,Manufacturing,122469.22877403769
Data Scientist,15,Master,Transportation,216935.4463346485
Data Scientist,10,Associate,Real Estate,172061.40214176528
Robotics Engineer,13,PhD,Transportation,189383.4294223671
AI Research Scientist,13,Master,Media,173516.76417869705
ML Ops Engineer,2,Master,Retail,80032.15717274544
AI Software Engineer,4,PhD,Energy,102119.38668571116
Data Analyst,8,PhD,Transportation,111044.7237590632
NLP Engineer,0,Associate,Retail,75139.01905988564
ML Ops Engineer,2,Associate,Energy,99091.65709932933
Autonomous Systems Engineer,5,Bachelor,Retail,111124.06050364416
Autonomous Systems Engineer,1,PhD,Government,75030.21749996854
AI Software Engineer,15,Associate,Consulting,169078.20592845112
Head of AI,3,Master,Healthcare,79392.1203742073
Research Scientist,3,Associate,Gaming,101077.52037978465
AI Product Manager,0,PhD,Government,64019.70901889951
Head of AI,5,PhD,Technology,141711.8902610295
AI Architect,9,Bachelor,Manufacturing,143014.35562318173
Robotics Engineer,0,Associate,Manufacturing,56925.42783645012
AI Software Engineer,3,Bachelor,Finance,80354.21234257528
Data Analyst,7,Bachelor,Government,139864.7534496909
Autonomous Systems Engineer,16,Associate,Gaming,184853.2795054199
Principal Data Scientist,10,Associate,Real Estate,217654.32220372034
ML Ops Engineer,16,Associate,Energy,169641.55674143217
AI Architect,16,Master,Technology,224184.5874928762
Deep Learning Engineer,0,PhD,Energy,56942.04235319872
Deep Learning Engineer,9,Master,Telecommunications,121631.62873884395
Principal Data Scientist,1,Bachelor,Technology,58100.69121147004
ML Ops Engineer,5,Associate,Retail,121468.41580553475
AI Software Engineer,14,Master,Transportation,216632.62564073544
Robotics Engineer,1,Associate,Consulting,57188.43781115072
Machine Learning Researcher,3,Bachelor,Consulting,88086.03541951561
Autonomous Systems Engineer,1,PhD,Education,64435.315203735416
Principal Data Scientist,2,Bachelor,Technology,101712.48909525335
Principal Data Scientist,0,Master,Finance,74640.17169094528
AI Software Engineer,4,Associate,Consulting,102088.83069935394
Data Engineer,9,Associate,Automotive,114212.63766957079
Computer Vision Engineer,14,Bachelor,Automotive,172975.17297858314
Research Scientist,10,PhD,Finance,220645.48698923242
AI Architect,1,Bachelor,Consulting,57506.96964125339
Robotics Engineer,9,Associate,Healthcare,142175.1607058904
ML Ops Engineer,5,PhD,Government,141193.91173980394
Machine Learning Researcher,3,PhD,Media,77698.3688274074
Data Analyst,4,Bachelor,Gaming,86594.34210711233
Computer Vision Engineer,9,PhD,Telecommunications,111520.88580756047
Computer Vision Engineer,7,Bachelor,Automotive,142246.8205166602
AI Consultant,5,Bachelor,Government,110694.53677143992
AI Consultant,1,Associate,Manufacturing,63296.061017770226
Autonomous Systems Engineer,4,Associate,Healthcare,79159.71968433123
Research Scientist,5,Master,Automotive,121436.96301734635
AI Architect,13,PhD,Government,192086.4811259899
AI Consultant,18,Bachelor,Government,184457.5166538806
Research Scientist,17,PhD,Finance,186815.73001216166
Head of AI,1,Bachelor,Media,74355.68403042704
Head of AI,15,Bachelor,Automotive,171680.30948762698
Head of AI,10,Master,Government,171450.7027908202
Machine Learning Researcher,0,Master,Education,74242.10724583158
NLP Engineer,1,Bachelor,Real Estate,64224.306804281216
AI Specialist,6,PhD,Healthcare,141666.54688247002
AI Architect,13,Bachelor,Technology,179946.8263032044
Data Scientist,2,Master,Healthcare,100947.53643821857
ML Ops Engineer,9,Associate,Retail,114122.2774373778
Research Scientist,1,Master,Energy,74287.05346463347
Data Analyst,4,PhD,Finance,78346.19758898085
Robotics Engineer,14,Associate,Telecommunications,213130.6886683139
NLP Engineer,17,Associate,Consulting,216903.5856844496
Machine Learning Researcher,8,Bachelor,Telecommunications,112682.72334734164
Machine Learning Engineer,1,Associate,Real Estate,63777.95199358448
Autonomous Systems Engineer,6,Master,Healthcare,110622.2919907531
Research Scientist,19,Master,Media,215515.3021550696
Computer Vision Engineer,0,Associate,Technology,74410.60038197695
Machine Learning Researcher,10,Bachelor,Real Estate,218097.61481454715
AI Research Scientist,4,Associate,Telecommunications,100794.2078978228
Data Engineer,2,Bachelor,Education,102311.7070977712
AI Architect,7,Bachelor,Healthcare,111994.41802975713
Deep Learning Engineer,14,Master,Retail,177324.24111362797
Research Scientist,0,PhD,Technology,57345.679356169174
AI Software Engineer,4,PhD,Gaming,101836.29743079646
AI Consultant,0,Bachelor,Gaming,62648.74431959003
NLP Engineer,0,Bachelor,Consulting,64000.7538901851
Principal Data Scientist,18,Bachelor,Automotive,175485.04711968423
Data Analyst,0,Associate,Consulting,55946.08472902731
AI Product Manager,1,Associate,Education,65096.839711027875
AI Consultant,9,Bachelor,Education,119621.4776261437
Deep Learning Engineer,15,PhD,Manufacturing,172400.8642854147
AI Software Engineer,3,Associate,Gaming,88030.49371959249
Principal Data Scientist,6,Master,Consulting,111780.54515676679
Robotics Engineer,5,Master,Automotive,111096.6878068283
Data Engineer,10,Associate,Manufacturing,216280.3647736912
AI Software Engineer,9,Bachelor,Manufacturing,112444.42139555824
AI Consultant,10,Master,Transportation,207927.20339412097
Computer Vision Engineer,13,Bachelor,Telecommunications,213130.6886683139
Machine Learning Engineer,7,Associate,Education,119856.94314076238
Autonomous Systems Engineer,6,Master,Technology,141529.18090960968
AI Architect,2,Associate,Automotive,102786.32276516742
AI Architect,14,Master,Transportation,175097.14597028377
AI Consultant,12,Bachelor,Finance,186786.68258664734
Robotics Engineer,9,Master,Government,121565.33723006866
AI Architect,5,Bachelor,Real Estate,121505.08036428802
Research Scientist,6,Associate,Education,141712.95130799303
Research Scientist,3,Associate,Retail,80722.78500730786
Head of AI,18,Bachelor,Gaming,187375.9050811082
NLP Engineer,3,Bachelor,Media,88318.09259114697
Data Scientist,1,Bachelor,Technology,57056.507438088556
AI Consultant,2,Associate,Automotive,87510.67760050567
Computer Vision Engineer,0,Master,Technology,74507.24947229736
AI Product Manager,2,Bachelor,Education,102058.4077797391
Data Analyst,0,PhD,Real Estate,55821.0849178841
AI Software Engineer,3,Bachelor,Finance,80354.21234257528
AI Research Scientist,5,Associate,Consulting,110349.0741361346
AI Software Engineer,1,Master,Energy,55979.89297827329
Autonomous Systems Engineer,1,Associate,Retail,64554.2640745539
Robotics Engineer,18,Master,Consulting,169145.30154788273
Machine Learning Engineer,11,Associate,Media,218567.24630616128
Head of AI,3,PhD,Healthcare,101115.23874382288
Computer Vision Engineer,4,Master,Healthcare,101258.40101936828
Machine Learning Engineer,8,Associate,Transportation,121784.76863307845
Machine Learning Researcher,18,Associate,Healthcare,213977.68718105071
AI Software Engineer,16,Associate,Healthcare,168172.44088271735
Deep Learning Engineer,2,PhD,Transportation,101049.52100600943
Computer Vision Engineer,16,Bachelor,Finance,189692.87674749235
Robotics Engineer,11,Master,Technology,191536.24564625212
Machine Learning Researcher,4,Bachelor,Manufacturing,100866.05599126272
Computer Vision Engineer,1,PhD,Healthcare,75268.65477848878
Robotics Engineer,1,Bachelor,Telecommunications,65439.250251314355
Machine Learning Engineer,1,Associate,Media,55863.93203984611
Computer Vision Engineer,0,Master,Government,64021.29165050111
Principal Data Scientist,0,Master,Technology,63988.124896265144
Data Scientist,5,Associate,Finance,139269.8630058668
Machine Learning Researcher,2,Bachelor,Government,79614.70223233686
ML Ops Engineer,1,PhD,Telecommunications,74901.11074726372
AI Software Engineer,2,PhD,Media,87768.34559604348
AI Specialist,1,Master,Telecommunications,56672.13895772772
AI Research Scientist,3,Master,Transportation,79179.16911083179
Autonomous Systems Engineer,0,Master,Gaming,63208.05286528041
Research Scientist,15,PhD,Consulting,187419.19474789477
Data Analyst,1,PhD,Manufacturing,56253.270129280914
AI Software Engineer,6,Associate,Education,110894.23906438344
AI Specialist,13,Associate,Media,219721.48672726064
Data Analyst,1,Bachelor,Energy,71974.6070333628
Robotics Engineer,0,Associate,Transportation,74286.03099797198
Research Scientist,4,Associate,Finance,101670.7502418618
Data Scientist,9,PhD,Finance,140117.5992637076
AI Research Scientist,5,Master,Government,111388.79574171713
Autonomous Systems Engineer,4,PhD,Real Estate,87714.62955873345
Deep Learning Engineer,3,Master,Automotive,88322.00673781185
AI Specialist,14,Bachelor,Healthcare,168936.47054117938
Data Engineer,0,PhD,Retail,58686.27923248481
Autonomous Systems Engineer,4,Master,Finance,88166.63523651648
ML Ops Engineer,19,PhD,Automotive,187699.546351747
Robotics Engineer,13,Bachelor,Energy,219108.76823164005
NLP Engineer,7,Bachelor,Energy,111347.65462213426
AI Architect,1,Associate,Transportation,64518.71569043931
Data Analyst,2,Master,Technology,78653.91407929403
Robotics Engineer,4,Associate,Manufacturing,79618.29023523317
Data Scientist,1,Bachelor,Government,57577.194836359966
Machine Learning Engineer,0,Master,Automotive,63344.674555187594
Principal Data Scientist,0,Master,Real Estate,63694.38027556391
Machine Learning Researcher,6,Associate,Finance,112642.1496544479
Research Scientist,10,PhD,Education,169448.40761478507
AI Specialist,16,PhD,Automotive,163325.51685584494
AI Research Scientist,0,Master,Consulting,56486.30671204875
Data Engineer,17,Associate,Consulting,189002.43294678195
AI Architect,7,Associate,Education,121734.73573812642
Deep Learning Engineer,17,Associate,Real Estate,164925.92858907604
NLP Engineer,19,Associate,Technology,173521.42939580505
AI Specialist,1,Master,Automotive,51359.10621039485
Machine Learning Researcher,6,Associate,Media,141904.73720865883
AI Consultant,5,Associate,Automotive,109565.48371897018
AI Specialist,18,Associate,Finance,186285.52934786177
AI Specialist,2,Bachelor,Transportation,87218.23613033771
Data Engineer,5,Master,Media,112267.27126234226
Machine Learning Researcher,6,Associate,Consulting,141775.01903256707
Robotics Engineer,0,PhD,Energy,74952.99579927861
Data Scientist,5,PhD,Energy,111033.00920828324
Data Engineer,16,PhD,Transportation,188348.58176066822
AI Product Manager,1,Associate,Healthcare,75349.0477330434
Autonomous Systems Engineer,2,Bachelor,Transportation,101083.85418618855
NLP Engineer,3,PhD,Media,78090.71385551293
Data Analyst,4,Master,Education,86808.38136689566
Autonomous Systems Engineer,4,Associate,Media,100697.19906330218
AI Product Manager,1,PhD,Technology,57420.49523086709
Machine Learning Researcher,8,PhD,Consulting,122584.26310089655
AI Architect,4,PhD,Telecommunications,101866.34847401132
NLP Engineer,0,Master,Finance,63863.555512260165
AI Architect,0,Associate,Technology,56101.956314229166
Data Analyst,9,Associate,Finance,140899.85160574268
Data Engineer,5,Master,Manufacturing,112267.27126234226
AI Product Manager,2,Bachelor,Education,80016.22862133136
Principal Data Scientist,18,PhD,Telecommunications,190417.23475452716
Robotics Engineer,1,Bachelor,Government,74581.79961765249
Data Analyst,1,Associate,Gaming,62623.99792554547
AI Specialist,7,Master,Media,119554.58660046803
Head of AI,1,PhD,Gaming,75677.88681227855
Robotics Engineer,2,Master,Gaming,87860.2262558962
Deep Learning Engineer,0,PhD,Energy,64327.67673033018
AI Consultant,9,Associate,Gaming,139484.8143925535
Autonomous Systems Engineer,7,PhD,Transportation,140931.93055817924
Head of AI,16,Master,Retail,219889.8966036177
Machine Learning Engineer,9,Bachelor,Real Estate,111538.14683340299
AI Specialist,2,Bachelor,Government,101754.58006513881
Data Scientist,11,Master,Telecommunications,187864.33022849512
Data Analyst,9,Master,Consulting,139714.81389047328
NLP Engineer,9,Associate,Education,117869.09754653469
NLP Engineer,0,Master,Transportation,56486.30671204875
Data Analyst,6,PhD,Consulting,118911.19708629118
ML Ops Engineer,6,Associate,Energy,139391.34976811346
AI Software Engineer,0,Associate,Manufacturing,64828.14607255678
Robotics Engineer,1,Bachelor,Telecommunications,58330.85511180802
AI Consultant,19,Bachelor,Technology,187356.25363710383
AI Specialist,1,Associate,Retail,63759.9585191955
ML Ops Engineer,7,Associate,Real Estate,141461.44459783199
Data Scientist,4,Associate,Consulting,79890.09108228446
Data Engineer,17,Master,Manufacturing,214820.662648066
Principal Data Scientist,8,Associate,Government,142195.56059376046
NLP Engineer,11,Bachelor,Energy,190003.27646865847
AI Consultant,14,PhD,Energy,211816.7087356549
Robotics Engineer,0,Associate,Healthcare,74286.03099797198
AI Architect,16,Associate,Retail,193826.26390220673
Machine Learning Engineer,2,Master,Finance,79299.56117078093
Data Analyst,5,Bachelor,Automotive,119919.57215840142
Deep Learning Engineer,11,Associate,Energy,194856.90306512744
Autonomous Systems Engineer,1,Bachelor,Education,74471.14322981324
Data Analyst,16,Bachelor,Transportation,172793.63277070952
Machine Learning Researcher,15,Associate,Government,189080.75760261048
Deep Learning Engineer,8,Bachelor,Transportation,113166.49578218034
AI Research Scientist,17,Master,Education,166878.62286572775
Computer Vision Engineer,5,Master,Real Estate,110927.51257013205
Machine Learning Researcher,8,Associate,Healthcare,142702.74364992778
AI Software Engineer,9,PhD,Real Estate,121521.05337073497
AI Architect,7,Master,Manufacturing,142088.83458419572
AI Consultant,9,PhD,Automotive,117680.52125658384
Deep Learning Engineer,9,Associate,Energy,112523.39107141983
Machine Learning Engineer,12,Bachelor,Energy,172763.24357411804
NLP Engineer,2,Associate,Education,101161.75192904787
AI Software Engineer,11,Master,Consulting,187112.19444047147
AI Product Manager,3,PhD,Manufacturing,101499.75241415878
AI Architect,0,PhD,Healthcare,64725.01396507435
AI Software Engineer,0,Bachelor,Manufacturing,76233.80013129054
Machine Learning Researcher,17,Associate,Consulting,169754.3693105449
Machine Learning Researcher,16,Master,Gaming,172933.37641252085
AI Software Engineer,14,Associate,Finance,171518.45009084904
AI Product Manager,17,PhD,Technology,222316.7383113422
AI Software Engineer,0,Bachelor,Healthcare,77640.35080625964
AI Product Manager,0,Associate,Education,56913.573130305944
Robotics Engineer,0,Bachelor,Telecommunications,74768.49030106212
AI Specialist,0,Associate,Consulting,74716.38231299125
AI Consultant,0,Associate,Real Estate,63033.05104306962
Computer Vision Engineer,13,PhD,Healthcare,183127.37090810225
AI Consultant,1,PhD,Finance,74010.15066845182
Autonomous Systems Engineer,8,Master,Healthcare,122378.97227406854
Machine Learning Engineer,4,Associate,Finance,79387.25410083219
NLP Engineer,6,Master,Energy,120822.20210893473
AI Research Scientist,5,Master,Transportation,111096.6878068283
Data Scientist,18,Bachelor,Gaming,184364.80469370144
ML Ops Engineer,6,Associate,Manufacturing,111559.58402659936
Machine Learning Engineer,3,Bachelor,Automotive,88089.21766664035
Machine Learning Engineer,16,Master,Real Estate,188805.71736408042
Research Scientist,0,Bachelor,Automotive,57273.58363693158
Data Scientist,1,Master,Transportation,63907.62055730503
AI Architect,8,PhD,Healthcare,112458.9008696438
AI Research Scientist,4,PhD,Technology,90370.60178883861
ML Ops Engineer,10,Associate,Government,189064.14585238276
Research Scientist,18,Bachelor,Telecommunications,187946.55639149406
Machine Learning Researcher,4,Master,Gaming,78305.86826892625
Data Scientist,5,Associate,Consulting,120089.17953074409
Machine Learning Engineer,3,Bachelor,Telecommunications,100371.97603107065
AI Consultant,0,PhD,Retail,57494.930030083015
AI Specialist,4,Associate,Transportation,87121.5870400173
Computer Vision Engineer,6,Bachelor,Automotive,111559.58402659936
Machine Learning Engineer,7,Master,Transportation,109424.95268407326
Principal Data Scientist,4,Bachelor,Retail,102111.38908128193
Research Scientist,9,Master,Energy,123324.24824280891
Research Scientist,2,Master,Technology,89046.77685574233
Deep Learning Engineer,12,PhD,Automotive,193908.81015791907
Robotics Engineer,1,Bachelor,Gaming,63912.526227177455
Autonomous Systems Engineer,7,Associate,Manufacturing,141286.89776465227
Machine Learning Engineer,13,Bachelor,Consulting,218854.1139529283
NLP Engineer,2,Bachelor,Healthcare,101258.40101936828
AI Software Engineer,0,PhD,Education,65141.17515881488
Deep Learning Engineer,8,PhD,Education,139667.52945978084
AI Specialist,7,PhD,Manufacturing,121774.37317602555
Deep Learning Engineer,12,Bachelor,Energy,194919.5195824622
AI Specialist,0,Master,Manufacturing,57865.97778933455
Machine Learning Engineer,11,Master,Manufacturing,171493.84266518283
Machine Learning Engineer,2,Associate,Telecommunications,100275.32694075024
Autonomous Systems Engineer,1,Master,Energy,55308.37116399581
Robotics Engineer,4,PhD,Manufacturing,78896.33866974499
Deep Learning Engineer,0,Bachelor,Healthcare,64111.29673439249
Machine Learning Engineer,3,PhD,Real Estate,100427.18255005407
AI Consultant,1,Master,Transportation,73129.69435030315
Machine Learning Researcher,6,Associate,Technology,142358.8252845439
ML Ops Engineer,1,Associate,Healthcare,57401.38907452622
AI Product Manager,10,Master,Gaming,219723.24661736406
Machine Learning Engineer,3,Bachelor,Real Estate,87920.04242994411
Machine Learning Researcher,2,Master,Healthcare,100866.05599126272
Data Engineer,3,Bachelor,Consulting,102181.98892167943
AI Consultant,19,PhD,Healthcare,208305.99327772055
AI Software Engineer,6,Associate,Finance,120847.50803612823
Machine Learning Engineer,7,Associate,Finance,119856.94314076238
AI Consultant,12,Bachelor,Finance,209129.69966481347
NLP Engineer,4,PhD,Media,78090.71385551293
AI Specialist,15,Master,Automotive,217806.38040690921
Deep Learning Engineer,0,PhD,Education,56585.9182436911
Robotics Engineer,4,Master,Telecommunications,79471.58307717388
NLP Engineer,0,Master,Real Estate,63694.38027556391
Computer Vision Engineer,6,Master,Transportation,121034.13151339983
AI Software Engineer,18,Bachelor,Gaming,171470.50680656367
Research Scientist,8,Associate,Healthcare,143326.39991233728
Research Scientist,10,Associate,Transportation,189123.39006325498
ML Ops Engineer,0,Bachelor,Media,56216.45211253849
Principal Data Scientist,4,Associate,Real Estate,88511.4495333925
Deep Learning Engineer,5,Bachelor,Gaming,122067.04220507886
Data Analyst,6,PhD,Consulting,139266.3734053371
AI Product Manager,3,PhD,Finance,101757.24401681167
Robotics Engineer,19,Bachelor,Consulting,217181.5774635034
AI Consultant,0,Bachelor,Consulting,72736.96619951079
Machine Learning Researcher,3,Master,Technology,79240.91215861132
Principal Data Scientist,2,PhD,Manufacturing,79773.60639198626
Robotics Engineer,9,Bachelor,Healthcare,123356.38815744963
Principal Data Scientist,2,PhD,Transportation,79773.60639198626
AI Research Scientist,6,Master,Manufacturing,111080.86254165502
AI Specialist,8,Master,Gaming,144798.3163254354
Research Scientist,5,Master,Finance,121436.96301734635
Autonomous Systems Engineer,4,Bachelor,Healthcare,101083.85418618855
AI Architect,2,Master,Technology,78351.4207129979
Data Engineer,1,PhD,Real Estate,58324.97064354664
Head of AI,4,Master,Education,101258.40101936828
Head of AI,3,PhD,Education,101115.23874382288
Deep Learning Engineer,16,Bachelor,Technology,177175.54165915315
AI Software Engineer,10,Associate,Real Estate,216988.9772415044
AI Product Manager,15,Bachelor,Energy,189428.5468327188
AI Product Manager,0,Associate,Manufacturing,64268.91354876058
Autonomous Systems Engineer,2,Associate,Healthcare,100987.20509586812
Data Analyst,0,Associate,Automotive,73010.46719569055
Machine Learning Researcher,6,Master,Energy,141640.28327322163
Machine Learning Researcher,13,Bachelor,Finance,192503.29044910384
Computer Vision Engineer,3,Master,Energy,79460.48624657915
ML Ops Engineer,18,Associate,Finance,216639.98880409403
Data Scientist,12,PhD,Automotive,222375.5866491791
AI Architect,3,Bachelor,Technology,87780.35022587904
AI Consultant,12,Bachelor,Finance,209129.69966481347
Head of AI,7,Bachelor,Gaming,142240.506827969
AI Specialist,2,Associate,Transportation,101721.8214201589
AI Research Scientist,4,PhD,Consulting,78896.33866974499
AI Consultant,1,Bachelor,Retail,58208.25840452214
Head of AI,8,PhD,Transportation,112024.06686648603
Autonomous Systems Engineer,1,Associate,Transportation,74374.49413949283
AI Research Scientist,3,Master,Media,78373.54429659974
ML Ops Engineer,0,PhD,Technology,64471.42144621954
Autonomous Systems Engineer,15,Associate,Automotive,166026.1563673443
Machine Learning Engineer,18,Master,Real Estate,187144.83143139834
AI Consultant,0,Bachelor,Telecommunications,75675.14700869599
Head of AI,7,Bachelor,Gaming,142240.506827969
Research Scientist,17,Master,Media,185705.87959384723
Computer Vision Engineer,9,PhD,Real Estate,111939.77653327544
Data Engineer,0,Master,Automotive,65034.13896777412
Autonomous Systems Engineer,1,Associate,Finance,57156.189013895
Computer Vision Engineer,14,Associate,Media,219161.41723614957
Data Scientist,12,PhD,Manufacturing,189164.48449271137
AI Consultant,3,Bachelor,Real Estate,87438.15145412984
AI Consultant,6,PhD,Retail,115204.69071265432
Deep Learning Engineer,0,Associate,Telecommunications,57943.63513798259
Robotics Engineer,14,Master,Finance,189666.2598634539
Data Scientist,19,Associate,Real Estate,185020.8904274035
Data Scientist,10,PhD,Media,220083.11569792166
Data Scientist,17,PhD,Media,216486.5543264517
AI Consultant,9,Bachelor,Media,138705.7521624165
Deep Learning Engineer,0,PhD,Healthcare,74939.92706597471
Principal Data Scientist,0,Bachelor,Government,64066.58162093637
AI Consultant,7,Associate,Technology,138870.5588398008
AI Research Scientist,3,Associate,Technology,90823.69969362169
Research Scientist,4,Master,Energy,88380.75937539217
Data Scientist,6,PhD,Education,140795.61281020925
Machine Learning Researcher,18,Bachelor,Technology,172494.85250434894
Data Analyst,2,Associate,Technology,79093.03520369541
Research Scientist,7,Bachelor,Education,141712.95130799303
AI Research Scientist,2,PhD,Education,101115.23874382288
Principal Data Scientist,18,Master,Telecommunications,190298.65219817768
AI Consultant,6,Associate,Consulting,119458.41423325587
Data Engineer,1,PhD,Retail,58949.289207185415
Data Analyst,3,Master,Government,98792.64936142915
Deep Learning Engineer,3,Associate,Transportation,88492.27420150815
Robotics Engineer,3,Associate,Transportation,79618.29023523317
Data Analyst,5,Master,Transportation,110117.34469940548
Autonomous Systems Engineer,4,Master,Finance,79146.92031357606
Computer Vision Engineer,0,Master,Consulting,56979.55325226121
AI Consultant,18,Bachelor,Government,168646.1627229278
AI Product Manager,6,PhD,Gaming,113319.75656237439
Data Analyst,15,Associate,Education,166310.31180216974
Principal Data Scientist,1,Associate,Education,57701.95633272917
Machine Learning Engineer,1,Bachelor,Healthcare,56979.15720777406
ML Ops Engineer,0,Associate,Retail,75139.01905988564
Machine Learning Researcher,12,Bachelor,Transportation,221111.28843838762
ML Ops Engineer,18,PhD,Healthcare,167149.22824090644
Robotics Engineer,9,Bachelor,Media,113109.76635777416
ML Ops Engineer,0,Bachelor,Gaming,74046.94182886812
Data Scientist,2,PhD,Real Estate,100635.19892597692
Deep Learning Engineer,18,Bachelor,Telecommunications,193493.50339612408
Robotics Engineer,7,Master,Gaming,123487.9525836427
Data Engineer,3,Associate,Manufacturing,89682.03298890647
Computer Vision Engineer,5,Master,Automotive,111096.6878068283
Data Analyst,9,Master,Automotive,111243.26386693941
AI Product Manager,3,Associate,Finance,89311.45629376332
AI Specialist,16,Bachelor,Government,219053.20672717597
NLP Engineer,1,PhD,Media,56426.98842247168
Data Engineer,3,Bachelor,Gaming,80404.56696726751
AI Specialist,6,PhD,Gaming,144265.58550708863
AI Architect,16,Master,Healthcare,191135.86297604002
AI Product Manager,13,Associate,Real Estate,173276.46227436094
Head of AI,0,Master,Manufacturing,74382.68008829239
NLP Engineer,1,PhD,Education,75268.65477848878
Computer Vision Engineer,15,PhD,Finance,220606.21182054444
Machine Learning Engineer,4,Associate,Real Estate,87641.14038196983
Machine Learning Engineer,1,Master,Retail,57083.42379159044
Data Engineer,2,PhD,Technology,102622.63289811087
Research Scientist,0,PhD,Technology,75381.7208979542
NLP Engineer,18,Master,Finance,216676.26221356686
ML Ops Engineer,8,Master,Energy,110077.52207789876
Robotics Engineer,7,Associate,Real Estate,141461.44459783199
Computer Vision Engineer,4,Associate,Consulting,101032.0337529561
Data Engineer,9,Master,Consulting,113147.89317902934
Head of AI,10,Associate,Transportation,171789.60129471397
Data Analyst,7,PhD,Government,139509.78624321788
Autonomous Systems Engineer,6,Bachelor,Healthcare,111101.01347569743
Principal Data Scientist,1,Associate,Healthcare,64296.83295065706
Deep Learning Engineer,7,PhD,Transportation,110770.47119176382
AI Product Manager,1,Bachelor,Real Estate,57417.20096055268
Data Analyst,0,Bachelor,Telecommunications,63984.36106530218
Autonomous Systems Engineer,9,PhD,Technology,122465.93957565623
AI Research Scientist,9,Master,Finance,141812.40947914802
Data Analyst,3,Bachelor,Automotive,78735.59621813076
Data Analyst,18,PhD,Gaming,200832.89124563104
Data Analyst,2,Associate,Government,86914.75838525144
Autonomous Systems Engineer,4,PhD,Manufacturing,100940.69191064315
Data Engineer,13,Master,Manufacturing,172933.9676802013
AI Research Scientist,0,Master,Consulting,74252.96191220061
AI Research Scientist,1,Associate,Energy,56419.01410267463
Research Scientist,14,Bachelor,Finance,219161.41723614957
Autonomous Systems Engineer,2,Associate,Media,88046.89666764683
Computer Vision Engineer,16,Associate,Media,171870.9319711062
Head of AI,0,PhD,Government,57508.33831932732
ML Ops Engineer,1,PhD,Government,64047.62842079599
Principal Data Scientist,18,PhD,Education,219763.86422393372
Machine Learning Engineer,1,Bachelor,Real Estate,73957.63386922417
Machine Learning Engineer,0,Master,Technology,56091.995138981176
AI Research Scientist,13,Master,Manufacturing,221923.9464444958
AI Research Scientist,2,Associate,Media,88221.44350082656
NLP Engineer,14,Master,Education,222987.59084682656
NLP Engineer,13,Master,Automotive,172088.01359517119
Machine Learning Researcher,3,Bachelor,Gaming,100530.31773183847
Machine Learning Researcher,3,PhD,Government,100659.00327037684
NLP Engineer,0,Master,Energy,73772.53677977182
AI Specialist,2,PhD,Healthcare,77986.34399376198
Data Engineer,15,PhD,Education,217616.48948063335
Data Analyst,1,Master,Real Estate,55600.798342630274
AI Consultant,19,PhD,Telecommunications,168538.49535962922
AI Research Scientist,18,Associate,Transportation,218594.01025830966
Research Scientist,19,Master,Automotive,187218.89589510264
NLP Engineer,0,PhD,Automotive,75791.02072261638
AI Product Manager,4,Master,Healthcare,102058.4077797391
Research Scientist,0,Associate,Telecommunications,58222.702756948056
Robotics Engineer,7,Associate,Manufacturing,141461.44459783199
AI Specialist,6,Bachelor,Consulting,109635.53745252137
Research Scientist,8,Associate,Transportation,143326.39991233728
ML Ops Engineer,17,PhD,Gaming,171675.51761348505
Data Engineer,4,Bachelor,Transportation,102311.7070977712
AI Architect,0,Associate,Telecommunications,58349.35794964681
NLP Engineer,7,Bachelor,Retail,122525.36407794779
Robotics Engineer,2,Master,Finance,79818.4421278535
Autonomous Systems Engineer,2,Master,Consulting,88036.91706042472
Research Scientist,3,Associate,Manufacturing,101413.25863920891
Machine Learning Researcher,3,PhD,Telecommunications,100062.93571815018
Data Scientist,9,PhD,Healthcare,121967.45340329516
Research Scientist,1,Associate,Real Estate,64548.3396608181
ML Ops Engineer,6,Bachelor,Telecommunications,120558.22704387421
Autonomous Systems Engineer,9,PhD,Consulting,121704.5482165499
ML Ops Engineer,18,Associate,Telecommunications,188308.62429178896
Data Scientist,11,Master,Manufacturing,189109.10156005592
Head of AI,17,PhD,Healthcare,184885.55694200128
Data Scientist,3,Bachelor,Healthcare,100947.53643821857
AI Research Scientist,1,Master,Media,55943.691872517295
Machine Learning Engineer,19,Master,Consulting,169145.30154788273
AI Architect,7,Associate,Gaming,143079.70174526033
Autonomous Systems Engineer,0,Bachelor,Automotive,74993.50917394085
ML Ops Engineer,2,PhD,Government,87496.11801249027
Machine Learning Researcher,13,Master,Transportation,191616.1310656919
AI Consultant,1,Associate,Telecommunications,75841.50789307618
Data Analyst,2,Bachelor,Energy,98803.89080226008
AI Architect,1,Master,Government,64284.55778140253
Machine Learning Researcher,7,PhD,Manufacturing,111241.32471139506
Data Engineer,0,Master,Energy,64264.71525929803
Data Scientist,5,Bachelor,Media,141090.09987954012
Head of AI,5,Master,Real Estate,141231.7892239936
AI Consultant,11,Associate,Healthcare,168232.57443937106
Head of AI,2,PhD,Finance,88058.35162860942
AI Consultant,0,Bachelor,Manufacturing,63129.70013339003
Data Engineer,0,Associate,Finance,63208.079293394825
AI Consultant,0,Master,Government,62798.89313403284
AI Consultant,2,PhD,Transportation,87057.57969572261
Deep Learning Engineer,4,PhD,Retail,102530.05218643435
AI Specialist,1,PhD,Gaming,75492.98601017558
AI Consultant,4,Bachelor,Finance,87607.3266908261
Deep Learning Engineer,1,Bachelor,Transportation,64374.30670909309
AI Architect,13,PhD,Telecommunications,173569.5441976362
Data Engineer,11,PhD,Manufacturing,172403.87305339746
AI Software Engineer,0,Master,Automotive,77019.17605011875
Data Analyst,7,Bachelor,Telecommunications,119025.42634107363
AI Consultant,6,PhD,Finance,138318.99516009557
AI Product Manager,5,Master,Automotive,121985.46306755612
AI Research Scientist,0,Bachelor,Consulting,74252.96191220061
ML Ops Engineer,10,PhD,Government,187395.8128571054
Data Scientist,4,PhD,Manufacturing,87839.4066989537
NLP Engineer,6,Master,Telecommunications,120615.24078768484
AI Research Scientist,9,PhD,Media,122186.3983329509
AI Research Scientist,7,Bachelor,Media,121512.85299834415
Autonomous Systems Engineer,10,Bachelor,Government,188889.59901920301
Data Scientist,0,Bachelor,Telecommunications,64957.295346958024
Robotics Engineer,16,Associate,Government,218493.13723606494
AI Consultant,1,Associate,Education,56624.06392440515
Principal Data Scientist,9,Master,Media,113099.8746966035
NLP Engineer,3,PhD,Media,100825.23271125695
Head of AI,4,Master,Telecommunications,100890.8569881432
Principal Data Scientist,3,Master,Government,80348.5447679619
Research Scientist,12,Associate,Retail,175184.43767482
Data Scientist,2,PhD,Education,100804.37416267316
Robotics Engineer,2,Associate,Consulting,88381.73135730074
Robotics Engineer,8,Master,Gaming,144238.24683432435
Research Scientist,1,Bachelor,Automotive,75682.57269198223
AI Specialist,2,PhD,Media,86645.39965668498
AI Specialist,0,PhD,Manufacturing,75565.71429489923
Head of AI,3,Associate,Healthcare,79831.24149860867
Research Scientist,5,Bachelor,Transportation,111615.11107100605
Principal Data Scientist,1,Associate,Retail,58554.94439464283
NLP Engineer,9,Associate,Technology,123810.4762333347
Computer Vision Engineer,2,PhD,Telecommunications,88572.39217853296
Machine Learning Researcher,6,Associate,Media,141904.73720865883
AI Consultant,18,Bachelor,Media,205617.00337079295
Autonomous Systems Engineer,9,Associate,Gaming,113399.41395945412
Data Scientist,9,Bachelor,Automotive,142649.67204356886
AI Consultant,4,PhD,Government,99535.35258579256
Machine Learning Engineer,4,Master,Automotive,101173.4677867738
Deep Learning Engineer,2,Bachelor,Technology,101646.7713574399
ML Ops Engineer,4,Bachelor,Retail,80567.92738746724
AI Research Scientist,1,Bachelor,Real Estate,74476.51482629674
Research Scientist,2,PhD,Transportation,79147.84537990604
ML Ops Engineer,5,Associate,Gaming,121249.27241938232
AI Product Manager,4,Bachelor,Energy,102005.75877522952
Deep Learning Engineer,1,Master,Retail,76458.34824057558
Head of AI,7,Master,Consulting,110903.27743452552
Head of AI,12,Associate,Healthcare,170682.93200812786
AI Specialist,3,Master,Gaming,77575.26735767326
AI Product Manager,1,Associate,Finance,58129.00012395023
Computer Vision Engineer,6,Associate,Transportation,111559.58402659936
Computer Vision Engineer,9,PhD,Government,120784.1636182032
Data Scientist,3,Bachelor,Real Estate,88219.97845736094
Computer Vision Engineer,5,Bachelor,Technology,111817.69243673008
NLP Engineer,1,Master,Consulting,63996.847310868994
AI Product Manager,1,Associate,Government,75285.1572877029
Research Scientist,1,Bachelor,Media,73957.50587258165
Autonomous Systems Engineer,5,Bachelor,Government,111242.61418208564
Machine Learning Engineer,4,Associate,Education,100291.44277762518
Autonomous Systems Engineer,0,Master,Automotive,55814.78489777134
AI Architect,17,Associate,Energy,171100.47787852027
Data Engineer,14,PhD,Retail,224295.3214572558
AI Architect,1,Associate,Energy,56640.89684245689
Data Analyst,0,PhD,Gaming,55509.30434078034
Machine Learning Researcher,6,Associate,Retail,122968.65668877462
AI Research Scientist,4,Associate,Telecommunications,100794.2078978228
Machine Learning Engineer,9,Associate,Automotive,111538.14683340299
Data Analyst,0,PhD,Energy,72892.05607816899
Research Scientist,13,Master,Media,189666.2598634539
AI Software Engineer,1,Master,Real Estate,75533.31177269458
Machine Learning Researcher,8,PhD,Automotive,122713.98127698831
Robotics Engineer,0,Master,Consulting,56486.30671204875
AI Software Engineer,7,Bachelor,Education,141852.8965820139
Data Scientist,15,Bachelor,Government,217747.95166333258
Robotics Engineer,6,PhD,Education,141106.47739135896
ML Ops Engineer,11,Bachelor,Real Estate,218823.20386240733
AI Product Manager,2,Master,Government,79772.56634149842
Data Analyst,5,PhD,Real Estate,139555.82624564762
Data Scientist,7,PhD,Government,140731.72236486876
Data Analyst,15,Master,Finance,169270.71279351547
Principal Data Scientist,1,Associate,Healthcare,64296.83295065706
Deep Learning Engineer,0,PhD,Energy,56942.04235319872
Data Analyst,6,Master,Energy,139664.18995959422
AI Architect,8,Associate,Consulting,113238.35432363753
AI Consultant,8,PhD,Retail,125816.51452254872
ML Ops Engineer,3,Associate,Finance,88511.4495333925
Robotics Engineer,19,Bachelor,Consulting,170032.46093129466
Principal Data Scientist,4,Bachelor,Healthcare,101258.40101936828
Data Analyst,15,Bachelor,Consulting,185514.7510505032
Principal Data Scientist,1,Bachelor,Consulting,74515.97188690121
AI Specialist,17,Master,Transportation,216494.19939051857
Data Engineer,6,Associate,Education,112730.1674821133
AI Research Scientist,4,PhD,Telecommunications,88350.76559495152
Computer Vision Engineer,18,Bachelor,Telecommunications,214665.35854323354
AI Consultant,1,Bachelor,Real Estate,63223.53487139439
Computer Vision Engineer,0,PhD,Government,74941.75435844768
NLP Engineer,11,Bachelor,Education,222861.18240401195
AI Architect,0,Associate,Healthcare,57516.541002685415
AI Product Manager,0,PhD,Real Estate,75071.56013989606
Research Scientist,1,Bachelor,Gaming,57055.63779783217
Robotics Engineer,1,Master,Media,55943.691872517295
Head of AI,4,Master,Consulting,101128.6828432765
NLP Engineer,4,PhD,Education,88058.35162860942
Deep Learning Engineer,4,Bachelor,Real Estate,101023.50804485856
AI Architect,4,Bachelor,Energy,88618.05195903008
Deep Learning Engineer,1,Master,Transportation,74579.97232517952
Principal Data Scientist,2,Associate,Media,78896.34223241702
Robotics Engineer,18,Bachelor,Media,169218.77817645925
Autonomous Systems Engineer,0,PhD,Real Estate,56128.90621102947
Machine Learning Engineer,2,Bachelor,Retail,80049.04643039466
Principal Data Scientist,1,Bachelor,Manufacturing,74645.69006299299
AI Software Engineer,16,Bachelor,Education,213109.27067226887
AI Consultant,4,Bachelor,Gaming,99406.66704725417
AI Software Engineer,10,PhD,Manufacturing,169954.26650799933
Computer Vision Engineer,3,Associate,Gaming,79630.58096164561
AI Software Engineer,5,Bachelor,Finance,111337.53241565078
ML Ops Engineer,15,PhD,Government,187782.48525992112
NLP Engineer,1,Bachelor,Automotive,57285.086901471135
ML Ops Engineer,3,PhD,Gaming,78415.38285594499
Deep Learning Engineer,10,Master,Manufacturing,170913.21136749996
Data Engineer,16,Associate,Telecommunications,210554.65657928988
AI Specialist,2,Master,Government,87154.34568499721
Data Analyst,8,Master,Education,119865.81596303398
AI Research Scientist,4,Master,Technology,90653.43222992541
AI Specialist,1,Associate,Retail,75962.09852569728
ML Ops Engineer,0,Associate,Media,73996.02496540603
NLP Engineer,4,PhD,Education,88058.35162860942
Principal Data Scientist,8,Associate,Retail,143271.9621187046
Data Engineer,2,Bachelor,Automotive,103097.08301659941
Data Analyst,0,PhD,Media,72654.69905011261
AI Product Manager,7,Master,Real Estate,111382.15183743283
Principal Data Scientist,2,PhD,Real Estate,79604.43115529002
Robotics Engineer,4,Master,Telecommunications,79471.58307717388
AI Consultant,5,Bachelor,Retail,123704.91680997379
Autonomous Systems Engineer,1,PhD,Gaming,74758.36968588478
Research Scientist,0,Bachelor,Real Estate,74465.01156175719
ML Ops Engineer,3,PhD,Media,87768.34559604348
Principal Data Scientist,4,Associate,Telecommunications,88803.8634997346
Autonomous Systems Engineer,9,Bachelor,Transportation,123181.84132426989
Machine Learning Researcher,1,Associate,Retail,75009.6840064807
Computer Vision Engineer,7,PhD,Consulting,120443.99778909177
AI Specialist,0,PhD,Media,75275.70826233327
Principal Data Scientist,0,Master,Education,57251.597419271915
Data Analyst,8,PhD,Technology,111498.81183494828
AI Architect,9,Bachelor,Education,111768.30875767511
Machine Learning Researcher,15,Master,Gaming,190138.8930115039
AI Consultant,3,PhD,Real Estate,99430.06779443679
ML Ops Engineer,3,Bachelor,Finance,80354.21234257528
Data Scientist,0,Bachelor,Technology,63233.63042177178
Robotics Engineer,0,Master,Education,74634.45227393712
ML Ops Engineer,2,Bachelor,Telecommunications,88900.512590055
Machine Learning Engineer,7,Associate,Real Estate,109903.67416901758
Data Scientist,8,Associate,Consulting,141641.28317473
Machine Learning Researcher,9,Bachelor,Energy,113341.1295641359
AI Software Engineer,17,Master,Consulting,166635.1670205451
ML Ops Engineer,9,Master,Retail,142567.42895609877
Robotics Engineer,6,Associate,Telecommunications,110604.95807212942
Deep Learning Engineer,15,Associate,Energy,193624.65609150607
AI Research Scientist,2,Master,Retail,86555.03697954203
AI Architect,13,PhD,Technology,196355.08274698842
Data Scientist,15,Bachelor,Retail,219764.95386028057
AI Specialist,4,Bachelor,Automotive,101818.47051047932
Head of AI,19,PhD,Energy,187636.79342183267
Research Scientist,3,Bachelor,Energy,79754.51663124951
ML Ops Engineer,12,Associate,Telecommunications,188772.91268655006
AI Research Scientist,7,Master,Retail,109454.2404691908
Data Engineer,1,Bachelor,Gaming,75363.25788197166
AI Research Scientist,17,Associate,Telecommunications,186991.74878504907
Machine Learning Engineer,4,Master,Real Estate,100218.91663124935
AI Consultant,0,PhD,Manufacturing,56405.22937525758
AI Software Engineer,19,PhD,Automotive,218990.80928629375
Principal Data Scientist,18,Master,Telecommunications,175410.25644200598
Autonomous Systems Engineer,7,PhD,Finance,110765.78330331254
AI Consultant,3,Associate,Automotive,87510.67760050567
AI Specialist,19,Bachelor,Media,224672.6746823112
Data Engineer,2,Master,Retail,81202.7406282594
Data Scientist,1,Associate,Finance,73254.88463543043
Data Analyst,1,Master,Education,72584.75034188337
Principal Data Scientist,5,Bachelor,Gaming,113056.82394466788
AI Product Manager,18,PhD,Finance,187229.84137898713
Research Scientist,15,Bachelor,Consulting,188589.18457239348
Data Scientist,1,Master,Finance,73351.53372575084
AI Software Engineer,7,Master,Retail,121381.29763078752
Principal Data Scientist,3,Associate,Retail,81348.54601938809
Head of AI,17,Associate,Finance,171414.97571579277
Machine Learning Researcher,5,Master,Automotive,121628.74891801213
AI Research Scientist,4,PhD,Media,78090.71385551293
Autonomous Systems Engineer,2,Bachelor,Retail,101515.83214326513
AI Software Engineer,13,Master,Gaming,222929.1407003972
Principal Data Scientist,6,Associate,Real Estate,112436.85174884062
Head of AI,0,Associate,Media,63743.81694339051
Data Scientist,7,Bachelor,Retail,142163.0910962859
AI Research Scientist,9,Associate,Manufacturing,142175.1607058904
AI Research Scientist,1,Master,Automotive,64126.56548696077
AI Product Manager,1,Associate,Healthcare,65096.839711027875
AI Architect,1,Bachelor,Energy,56737.5459327773
Data Engineer,1,Associate,Automotive,58359.02126666467
Data Analyst,1,Master,Retail,64574.30038996624
AI Specialist,16,PhD,Gaming,169912.44587025547
Head of AI,3,PhD,Finance,79535.61168676672
Deep Learning Engineer,16,Associate,Energy,174738.61439337063
ML Ops Engineer,1,Master,Finance,74903.18166564588
Research Scientist,1,Master,Gaming,63897.1163833218
AI Consultant,4,Associate,Education,79053.91634848759
ML Ops Engineer,0,Associate,Energy,71658.44186424246
Principal Data Scientist,18,Master,Transportation,218361.19803574443
AI Product Manager,5,Bachelor,Real Estate,111495.71841992655
AI Specialist,2,Bachelor,Education,101818.47051047932
AI Software Engineer,0,Bachelor,Telecommunications,58862.16823370775
ML Ops Engineer,0,Bachelor,Media,74092.67405572644
Deep Learning Engineer,0,Master,Gaming,55977.78998944434
AI Product Manager,4,Associate,Energy,101909.10968490911
Machine Learning Researcher,1,Master,Automotive,76437.3890796226
Principal Data Scientist,1,Associate,Real Estate,57701.95633272917
Data Scientist,6,PhD,Consulting,120225.05285943602
Autonomous Systems Engineer,2,PhD,Telecommunications,100573.14787941807
Autonomous Systems Engineer,15,Associate,Government,167386.56363328864
Machine Learning Engineer,7,Bachelor,Telecommunications,137588.12121061224
AI Consultant,9,Master,Media,138085.50933302127
AI Product Manager,4,Bachelor,Technology,102512.49585562416
AI Software Engineer,7,Associate,Finance,120847.50803612823
Research Scientist,1,Bachelor,Education,64644.98875113852
AI Software Engineer,0,Bachelor,Technology,76358.36951529552
Robotics Engineer,8,Associate,Education,111630.71635110345
Data Engineer,8,Associate,Government,141337.48275074258
AI Consultant,2,Associate,Retail,88998.22299030225
Computer Vision Engineer,13,PhD,Government,222093.33781078944
Machine Learning Researcher,18,PhD,Education,217052.35151030004
NLP Engineer,1,Bachelor,Transportation,64393.48204097747
Data Engineer,0,Bachelor,Technology,65425.6249057958
AI Architect,1,PhD,Manufacturing,57454.495976486
NLP Engineer,0,PhD,Gaming,74669.90654436393
Deep Learning Engineer,4,Associate,Transportation,101096.0341912344
Deep Learning Engineer,8,Master,Telecommunications,139891.81217100925
Deep Learning Engineer,5,Bachelor,Manufacturing,111104.66591647736
Deep Learning Engineer,7,Bachelor,Telecommunications,110577.397163325
Data Scientist,9,Associate,Consulting,113203.98209769596
Data Scientist,9,Bachelor,Gaming,142643.35835487765
Data Scientist,2,PhD,Government,87277.17308283452
Research Scientist,2,Bachelor,Gaming,79485.4902219146
AI Consultant,5,Bachelor,Consulting,110224.84372942158
Machine Learning Engineer,1,Associate,Real Estate,74030.1600156
Robotics Engineer,14,Associate,Manufacturing,172975.17297858314
Autonomous Systems Engineer,4,PhD,Transportation,87883.80479542969
Machine Learning Engineer,1,Associate,Consulting,64309.734837798365
Computer Vision Engineer,4,Bachelor,Technology,89283.81328317942
Robotics Engineer,18,Bachelor,Healthcare,167917.8050679689
AI Consultant,9,Master,Consulting,137778.20604979998
Data Analyst,7,PhD,Energy,139521.0276840488
Research Scientist,14,Bachelor,Media,172975.17297858314
Research Scientist,4,Bachelor,Healthcare,101509.90772952932
Computer Vision Engineer,1,Associate,Telecommunications,65564.22774457539
Principal Data Scientist,1,Bachelor,Real Estate,57629.43018635333
Research Scientist,7,Master,Energy,141448.49737255584
Data Engineer,3,PhD,Energy,89267.23526763901
AI Product Manager,7,Master,Gaming,114018.08009349609
Robotics Engineer,14,Bachelor,Government,190745.68174615467
AI Product Manager,1,Master,Automotive,64926.572247331584
AI Software Engineer,11,PhD,Consulting,186829.3639993847
Principal Data Scientist,13,Master,Automotive,189666.2598634539
Data Analyst,2,Master,Education,78199.82600340896
Head of AI,4,Bachelor,Finance,80354.21234257528
Research Scientist,4,PhD,Retail,79602.98870684857
Principal Data Scientist,19,Associate,Automotive,190809.5752398551
Machine Learning Engineer,7,PhD,Gaming,142049.60615839582
AI Software Engineer,15,PhD,Technology,220459.3402343251
Robotics Engineer,1,Bachelor,Retail,61892.46543085709
Research Scientist,9,Associate,Manufacturing,124423.33703068594
Data Analyst,8,Master,Healthcare,140106.40750690515
Principal Data Scientist,10,Bachelor,Government,177052.5181837005
Deep Learning Engineer,1,Associate,Energy,56444.10219837978
AI Research Scientist,1,Associate,Energy,73938.89766415201
AI Architect,17,Associate,Healthcare,189464.86306296708
Data Analyst,10,PhD,Energy,168934.9373449292
Data Analyst,15,Associate,Technology,216707.69918883525
Data Analyst,17,Associate,Consulting,186420.48909317062
Machine Learning Engineer,12,Bachelor,Consulting,190246.11596364452
Machine Learning Engineer,5,Master,Retail,110293.76601116019
Machine Learning Engineer,15,Associate,Real Estate,217866.55374519344
Data Scientist,10,Bachelor,Technology,218749.1906802568
Machine Learning Researcher,8,Bachelor,Transportation,123883.97110148706
Machine Learning Engineer,5,Associate,Transportation,138908.10948552715
AI Consultant,16,Associate,Consulting,207961.8538822187
Machine Learning Engineer,7,Master,Real Estate,109424.95268407326
AI Specialist,1,Bachelor,Automotive,58736.35501060629
AI Architect,8,Bachelor,Media,139244.9719637706
Data Analyst,9,Master,Education,110088.3614255257
Deep Learning Engineer,9,Bachelor,Technology,123391.76692385595
Research Scientist,6,Associate,Education,141712.95130799303
NLP Engineer,8,Bachelor,Finance,123440.67849066023
NLP Engineer,5,Associate,Education,120615.4277436211
Computer Vision Engineer,0,Associate,Government,74222.14055263148
Autonomous Systems Engineer,9,Associate,Technology,123635.92940015497
Data Analyst,8,Associate,Telecommunications,111260.08762909198
AI Software Engineer,1,Master,Retail,64979.55354887443
AI Research Scientist,4,PhD,Transportation,101115.23874382288
Head of AI,6,Bachelor,Consulting,111381.99891946986
Research Scientist,1,PhD,Real Estate,57314.944710168544
AI Research Scientist,16,Associate,Transportation,189692.87674749235
AI Software Engineer,14,PhD,Retail,171708.05434933124
Robotics Engineer,13,Bachelor,Technology,175183.37213512362
AI Consultant,0,Master,Energy,55152.50911682711
Computer Vision Engineer,1,Master,Healthcare,57455.51449033731
AI Research Scientist,10,PhD,Retail,185970.3646557708
Deep Learning Engineer,1,Master,Manufacturing,63876.01261951316
Autonomous Systems Engineer,0,Associate,Gaming,63378.320328976704
Autonomous Systems Engineer,17,Bachelor,Real Estate,211397.19458961772
AI Specialist,2,PhD,Manufacturing,101675.30823493392
AI Software Engineer,8,Associate,Finance,142136.7535371863
Computer Vision Engineer,6,Associate,Automotive,121512.85299834415
AI Architect,1,PhD,Telecommunications,76019.76450867721
Data Engineer,15,Master,Real Estate,189734.757862982
Head of AI,13,Associate,Media,172975.17297858314
ML Ops Engineer,0,Master,Media,55680.68189781672
AI Architect,8,PhD,Government,121930.33778982458
Autonomous Systems Engineer,2,Bachelor,Real Estate,100914.67894949229
Deep Learning Engineer,10,Master,Telecommunications,169899.81757150235
NLP Engineer,3,PhD,Consulting,100985.52056773112
Autonomous Systems Engineer,7,Master,Healthcare,141075.09283372463
AI Specialist,2,Associate,Education,78228.42774185794
Machine Learning Researcher,0,PhD,Gaming,55755.166284717096
Deep Learning Engineer,16,Master,Healthcare,219867.22926654847
Robotics Engineer,4,Bachelor,Consulting,101128.6828432765
AI Product Manager,4,Bachelor,Energy,79804.29921686626
AI Research Scientist,6,Bachelor,Consulting,111381.99891946986
NLP Engineer,16,PhD,Government,169778.76025338026
Data Engineer,4,Associate,Gaming,101879.31974802652
Machine Learning Engineer,3,Associate,Gaming,78618.45346436059
Data Engineer,6,PhD,Retail,112674.23108873988
Data Engineer,10,PhD,Telecommunications,187650.94269685622
Data Analyst,7,Master,Technology,140170.92703998883
Data Scientist,3,PhD,Transportation,87839.4066989537
Machine Learning Engineer,12,Bachelor,Technology,221369.61639269008
AI Research Scientist,11,Master,Consulting,171572.21511429944
ML Ops Engineer,16,Bachelor,Media,189692.87674749235
Deep Learning Engineer,2,PhD,Media,100759.51497344348
AI Software Engineer,18,PhD,Energy,184776.14260578708
Computer Vision Engineer,15,Bachelor,Retail,173889.57418386382
AI Product Manager,0,Bachelor,Consulting,56758.45003498164
Data Scientist,6,Master,Education,111352.66338870632
Machine Learning Engineer,0,Bachelor,Media,73573.79309865387
AI Research Scientist,0,Bachelor,Media,63840.46603371092
ML Ops Engineer,2,Associate,Government,101097.86148370737
Head of AI,2,PhD,Manufacturing,88058.35162860942
Principal Data Scientist,7,Associate,Government,121448.96255300366
Research Scientist,2,Bachelor,Finance,88859.60533387397
AI Product Manager,3,Associate,Education,79919.57953101097
NLP Engineer,0,PhD,Government,56763.3680261133
Head of AI,2,Associate,Real Estate,101161.75192904787
Data Engineer,0,PhD,Real Estate,75889.77564549485
Deep Learning Engineer,2,PhD,Transportation,88039.17629672507
Data Engineer,17,Master,Automotive,215606.03856689422
AI Architect,9,Associate,Finance,113970.92211457815
Computer Vision Engineer,4,PhD,Automotive,101900.61466265109
AI Research Scientist,6,Master,Media,111080.86254165502
Data Engineer,16,Bachelor,Energy,173022.36405712535
NLP Engineer,7,Associate,Real Estate,111559.58402659936
Computer Vision Engineer,16,PhD,Real Estate,186894.27108215878
Computer Vision Engineer,10,PhD,Technology,222602.17943561185
AI Product Manager,2,Master,Telecommunications,79772.87237295168
AI Consultant,3,Associate,Telecommunications,87803.09156684777
AI Consultant,12,Associate,Technology,188994.8817431878
Autonomous Systems Engineer,0,Bachelor,Government,56901.08674801117
Computer Vision Engineer,1,Bachelor,Transportation,64615.1086245589
AI Architect,3,Associate,Government,88669.44182783428
Data Scientist,12,Bachelor,Energy,218797.90365049033
AI Architect,9,PhD,Automotive,112161.65927305771
AI Consultant,1,PhD,Healthcare,56881.190613333674
Robotics Engineer,0,Bachelor,Retail,56225.066801639274
Robotics Engineer,16,Associate,Manufacturing,171870.9319711062
AI Product Manager,6,Associate,Manufacturing,111860.87332237716
Data Engineer,13,Bachelor,Automotive,218315.91849818215
Data Scientist,5,PhD,Automotive,111085.65821279281
Head of AI,0,Master,Technology,63988.124896265144
AI Software Engineer,3,Associate,Media,88221.44350082656
Autonomous Systems Engineer,5,Bachelor,Real Estate,141057.24239081386
Principal Data Scientist,1,Bachelor,Energy,63624.05833250138
AI Architect,7,Bachelor,Media,138446.96552250162
Principal Data Scientist,7,Master,Real Estate,141249.63966690435
Head of AI,9,Master,Gaming,125068.26739865632
AI Product Manager,13,Bachelor,Retail,175485.72697059778
Machine Learning Engineer,5,Master,Government,139797.67851320343
Deep Learning Engineer,3,Master,Healthcare,101192.68328155481
AI Consultant,9,PhD,Media,137942.34705747588
Head of AI,12,Associate,Consulting,172797.58787145364
AI Architect,0,Associate,Education,75533.2772639856
AI Specialist,13,PhD,Gaming,172645.30271856723
AI Specialist,6,Associate,Real Estate,142021.51408894305
Robotics Engineer,1,Bachelor,Telecommunications,75031.50027576272
NLP Engineer,4,Master,Technology,88795.2701455813
Principal Data Scientist,3,PhD,Gaming,87577.39581480941
Data Engineer,4,Master,Technology,102765.79517365627
AI Research Scientist,2,Bachelor,Healthcare,88608.09862371293
Machine Learning Engineer,7,Associate,Automotive,109903.67416901758
Autonomous Systems Engineer,7,Bachelor,Gaming,121972.15084092565
Head of AI,8,Bachelor,Finance,113833.32970800648
Robotics Engineer,2,Master,Manufacturing,88341.18206969622
Head of AI,1,Master,Technology,64428.65127538122
Research Scientist,5,Bachelor,Automotive,111615.11107100605
Data Engineer,6,Master,Media,142302.94574530728
AI Architect,1,Associate,Energy,63749.29198196322
Data Engineer,0,Master,Government,56105.326324748065
Data Scientist,2,Master,Finance,99964.24468212613
Data Scientist,4,Associate,Healthcare,100850.88734789815
Research Scientist,19,Master,Retail,218715.83471327135
Data Scientist,6,Master,Consulting,140631.47180253337
Machine Learning Engineer,4,Bachelor,Automotive,78844.63017413089
Principal Data Scientist,3,Bachelor,Media,78992.99132273745
Data Scientist,19,Master,Transportation,210843.49135894058
Machine Learning Engineer,4,Bachelor,Retail,88590.7775342039
AI Product Manager,9,Master,Gaming,125868.27415902713
Machine Learning Engineer,8,Associate,Technology,141057.62925740427
Principal Data Scientist,0,PhD,Transportation,57483.12178358159
AI Software Engineer,19,Master,Telecommunications,209578.36321934193
ML Ops Engineer,1,Bachelor,Media,56479.46208723907
Machine Learning Engineer,3,Bachelor,Telecommunications,88381.63163298245
AI Architect,9,Associate,Finance,123578.2708972319
Autonomous Systems Engineer,2,Master,Healthcare,101083.85418618855
AI Architect,2,Bachelor,Gaming,88349.02554969516
AI Architect,8,Master,Consulting,112351.19494022559
AI Product Manager,4,PhD,Education,78782.13487548789
Research Scientist,1,Master,Technology,64680.15798554227
Robotics Engineer,14,PhD,Media,171805.1831540844
AI Research Scientist,18,Master,Finance,170613.43240767208
Data Analyst,1,Master,Real Estate,62765.511038952936
Research Scientist,1,Master,Technology,57302.90918533086
NLP Engineer,0,Master,Manufacturing,63863.555512260165
Head of AI,0,Master,Real Estate,56317.13147535251
AI Product Manager,14,PhD,Consulting,221479.56823402224
AI Research Scientist,3,Associate,Retail,86725.30444323832
Research Scientist,18,PhD,Real Estate,186901.3460874529
Data Analyst,13,Bachelor,Government,188280.06727618942
Computer Vision Engineer,8,PhD,Technology,141950.1340100454
Autonomous Systems Engineer,14,PhD,Gaming,222526.61533609324
AI Consultant,6,Associate,Government,138352.58031857523
Deep Learning Engineer,15,PhD,Education,171178.63477135496
ML Ops Engineer,0,Associate,Telecommunications,57971.19604678701
Principal Data Scientist,0,Bachelor,Transportation,64130.47206627687
Data Analyst,7,Master,Technology,119955.41888648432
AI Specialist,19,PhD,Gaming,169307.9221450299
AI Consultant,11,Master,Finance,208171.24346167594
Deep Learning Engineer,0,Bachelor,Automotive,56994.51601796611
Head of AI,5,Associate,Healthcare,140564.01934310893
Research Scientist,1,Bachelor,Healthcare,57749.544875007676
Head of AI,3,PhD,Retail,88513.49495555196
NLP Engineer,2,Associate,Gaming,88030.49371959249
Robotics Engineer,3,PhD,Education,78896.33866974499
NLP Engineer,9,Bachelor,Technology,123810.4762333347
Autonomous Systems Engineer,0,PhD,Finance,64172.30522903482
AI Architect,2,Associate,Transportation,88733.33227317478
Machine Learning Engineer,2,Master,Retail,101592.50812420937
AI Consultant,2,Bachelor,Education,99742.40530667844
AI Product Manager,6,PhD,Consulting,141183.6877784736
Data Scientist,3,Associate,Healthcare,80103.04234565995
ML Ops Engineer,11,Bachelor,Transportation,218823.20386240733
Data Scientist,3,PhD,Automotive,79168.1395167963
Deep Learning Engineer,10,Bachelor,Healthcare,216959.7120109137
ML Ops Engineer,15,PhD,Education,168151.67194913502
Autonomous Systems Engineer,7,Associate,Technology,111342.150288207
AI Research Scientist,1,Bachelor,Automotive,57285.086901471135
Deep Learning Engineer,1,PhD,Technology,57507.13811631978
AI Consultant,4,Master,Technology,87794.49821269445
Data Engineer,3,Associate,Automotive,103000.43392627899
AI Product Manager,5,Associate,Gaming,111643.9004006235
Data Scientist,18,Bachelor,Automotive,212249.11010716402
AI Consultant,7,Master,Automotive,138990.0417518163
Robotics Engineer,0,Master,Transportation,63863.555512260165
AI Product Manager,2,Associate,Manufacturing,79919.57953101097
AI Product Manager,9,Bachelor,Automotive,124156.39491782045
Machine Learning Researcher,2,PhD,Government,78297.75840574961
AI Specialist,12,Associate,Government,219913.74922654947
Data Scientist,8,Associate,Education,140385.24611806995
AI Consultant,1,Master,Real Estate,56015.76756330755
AI Specialist,3,Master,Automotive,101818.47051047932
Machine Learning Engineer,0,Associate,Automotive,63514.94201888388
AI Consultant,2,Master,Consulting,99612.68713058667
AI Research Scientist,13,PhD,Healthcare,170941.692767155
Autonomous Systems Engineer,0,Bachelor,Consulting,63826.207057005355
ML Ops Engineer,3,Master,Government,88277.29162435573
AI Research Scientist,4,Associate,Education,101161.75192904787
AI Specialist,1,PhD,Technology,66273.69456712899
ML Ops Engineer,18,Master,Retail,189354.0961276352
AI Specialist,7,Bachelor,Transportation,142021.51408894305
AI Consultant,3,Associate,Telecommunications,87803.09156684777
Research Scientist,2,Bachelor,Real Estate,88690.43009717771
NLP Engineer,2,Associate,Manufacturing,88511.4495333925
Deep Learning Engineer,1,Master,Education,73972.07603002718
Principal Data Scientist,16,PhD,Healthcare,172055.08641657748
Research Scientist,9,Bachelor,Government,123519.44548671691
Data Scientist,4,Bachelor,Education,88389.15369405718
Head of AI,12,Master,Government,172636.27447468936
Research Scientist,2,Master,Telecommunications,79723.08978733493
Computer Vision Engineer,4,Bachelor,Healthcare,101258.40101936828
NLP Engineer,4,Bachelor,Automotive,102043.77693819648
Machine Learning Engineer,8,Associate,Transportation,140603.5411815192
AI Specialist,9,PhD,Healthcare,120706.85342001909
AI Consultant,9,Associate,Retail,144820.99294519948
Computer Vision Engineer,7,PhD,Gaming,143705.5160159776
Robotics Engineer,9,PhD,Telecommunications,139730.0773000667
Data Scientist,8,PhD,Telecommunications,111876.97698782235
NLP Engineer,0,Bachelor,Technology,57146.64631077551
AI Consultant,1,Master,Telecommunications,75938.15698339659
Robotics Engineer,1,Associate,Healthcare,64296.83295065706
Robotics Engineer,2,Associate,Telecommunications,79910.70420157525
AI Consultant,10,Bachelor,Finance,170129.28297798423
AI Research Scientist,2,Bachelor,Retail,77928.79423539937
Head of AI,3,Master,Transportation,88341.18206969622
AI Product Manager,0,Associate,Healthcare,64268.91354876058
ML Ops Engineer,4,Bachelor,Retail,89461.08668562658
Computer Vision Engineer,2,Bachelor,Retail,102111.38908128193
Data Analyst,3,Associate,Transportation,98759.89071644924
Computer Vision Engineer,2,Master,Gaming,88081.85283947764
Principal Data Scientist,19,Bachelor,Telecommunications,214428.84133307426
AI Research Scientist,8,Master,Retail,140012.58613724148
Machine Learning Researcher,4,Bachelor,Transportation,88215.75359560737
Machine Learning Engineer,0,Associate,Finance,74024.64164355228
Data Engineer,3,Bachelor,Gaming,101975.96883834693
AI Software Engineer,2,Bachelor,Consulting,102185.47978967435
AI Specialist,10,Associate,Consulting,186818.11860292417
AI Research Scientist,17,Master,Gaming,189196.77264770126
Computer Vision Engineer,2,Bachelor,Telecommunications,89122.13917363645
Data Scientist,8,Master,Technology,112230.32013165485
AI Specialist,4,Master,Transportation,87218.23613033771
Data Analyst,1,Master,Healthcare,62934.68627564919
Autonomous Systems Engineer,2,Associate,Retail,79378.74637803232
AI Product Manager,17,PhD,Healthcare,184851.9843332406
Machine Learning Researcher,8,PhD,Real Estate,122713.98127698831
Robotics Engineer,6,PhD,Retail,136905.9510089843
Data Analyst,1,Master,Real Estate,62765.511038952936
Data Engineer,13,Master,Automotive,172933.9676802013
Autonomous Systems Engineer,12,Bachelor,Education,215364.70698211074
AI Specialist,3,PhD,Government,86373.17207313175
AI Architect,0,Associate,Gaming,56822.63392550991
ML Ops Engineer,6,Master,Consulting,110903.27743452552
Research Scientist,4,Master,Automotive,102295.28364835752
Principal Data Scientist,0,PhD,Real Estate,74836.46956709193
NLP Engineer,1,Master,Finance,64126.56548696077
ML Ops Engineer,1,Master,Technology,57051.40247516981
AI Consultant,4,Master,Energy,99689.75630216887
AI Research Scientist,9,Associate,Healthcare,113322.71762114967
Computer Vision Engineer,5,Bachelor,Gaming,112179.55622242662
Research Scientist,4,Associate,Technology,80323.88502127927
Principal Data Scientist,12,Bachelor,Automotive,219946.7931549778
Head of AI,1,PhD,Gaming,75677.88681227855
Principal Data Scientist,0,Associate,Energy,56669.52264955248
Computer Vision Engineer,1,PhD,Real Estate,57556.684540219954
Deep Learning Engineer,8,PhD,Automotive,142215.7041151751
Data Analyst,11,Bachelor,Technology,189957.79055969883
AI Product Manager,3,Associate,Transportation,101961.75868941867
Machine Learning Engineer,7,Master,Transportation,139593.7298093226
AI Specialist,1,Associate,Manufacturing,58301.19233441983
Data Engineer,18,Associate,Real Estate,189395.35230529448
Robotics Engineer,8,PhD,Education,140341.14349274663
ML Ops Engineer,1,Bachelor,Media,56479.46208723907
ML Ops Engineer,10,Master,Education,186562.01340409077
Deep Learning Engineer,0,PhD,Real Estate,56772.86711650247
Research Scientist,9,Master,Telecommunications,123117.28692155903
Research Scientist,17,Bachelor,Telecommunications,168807.73610836806
Autonomous Systems Engineer,4,Associate,Real Estate,88336.90270021277
AI Product Manager,12,Bachelor,Telecommunications,213431.9779640917
Autonomous Systems Engineer,0,Bachelor,Energy,73597.98994659208
NLP Engineer,12,Master,Technology,191874.4590199944
ML Ops Engineer,9,Bachelor,Finance,142432.65230854327
Machine Learning Researcher,7,PhD,Gaming,113877.25296745833
AI Consultant,8,Associate,Automotive,137241.11152951288
Data Scientist,2,PhD,Government,87277.17308283452
Data Scientist,13,Master,Media,189447.31493379816
AI Product Manager,2,Bachelor,Finance,80655.50163835307
Data Scientist,6,Bachelor,Education,141150.58001668227
AI Research Scientist,1,Bachelor,Consulting,74515.97188690121
AI Architect,15,Master,Healthcare,174277.75334209623
AI Specialist,19,Associate,Automotive,164196.32003447972
Machine Learning Engineer,4,PhD,Finance,87188.04247718675
AI Research Scientist,12,PhD,Telecommunications,189567.40867433217
NLP Engineer,9,Bachelor,Consulting,112932.18125064467
AI Software Engineer,1,Master,Healthcare,64126.56548696077
Data Analyst,8,Bachelor,Telecommunications,138509.2368066624
Principal Data Scientist,15,PhD,Gaming,192567.5752840508
AI Architect,7,Associate,Manufacturing,111781.46676638162
Data Scientist,1,PhD,Healthcare,74957.79019733907
Robotics Engineer,0,Associate,Gaming,56444.4720226501
Machine Learning Engineer,1,Bachelor,Education,56766.205944398556
Research Scientist,6,Master,Transportation,141501.1463770654
AI Product Manager,12,Master,Transportation,172389.30289094898
Machine Learning Researcher,10,PhD,Retail,171970.50836028554
Computer Vision Engineer,0,Bachelor,Education,74634.45227393712
AI Consultant,4,Associate,Education,99645.75621635802
NLP Engineer,5,PhD,Manufacturing,141257.80218514445
NLP Engineer,1,Associate,Consulting,57188.43781115072
Computer Vision Engineer,2,Associate,Healthcare,101161.75192904787
AI Architect,2,PhD,Finance,79757.49442654898
NLP Engineer,0,Bachelor,Telecommunications,65176.24027661376
Research Scientist,3,PhD,Technology,101820.833529869
Head of AI,1,Associate,Education,74549.04097267258
AI Product Manager,4,Bachelor,Healthcare,89408.10538408373
Computer Vision Engineer,2,Associate,Manufacturing,101161.75192904787
Data Analyst,15,Master,Retail,171186.12877985887
Autonomous Systems Engineer,0,PhD,Finance,75088.58957326133
AI Research Scientist,13,Bachelor,Technology,196048.5310712763
Computer Vision Engineer,4,PhD,Government,80543.60682075293
Data Scientist,18,Bachelor,Government,211655.99668762466
Research Scientist,4,Master,Telecommunications,101142.36369830425
AI Specialist,8,Bachelor,Government,142755.63008487152
AI Product Manager,1,PhD,Automotive,76438.5443676529
Data Analyst,10,Associate,Real Estate,170157.57617393753
AI Software Engineer,10,Master,Manufacturing,216368.73441210916
Data Analyst,0,Master,Automotive,55506.96360462595
NLP Engineer,8,Bachelor,Consulting,113016.47158385525
AI Software Engineer,3,Bachelor,Finance,102572.68956841901
Autonomous Systems Engineer,6,Bachelor,Finance,141544.38936730515
Machine Learning Researcher,1,Master,Education,56356.97165864379
Data Analyst,5,Associate,Telecommunications,109128.42541012629
Machine Learning Engineer,0,Bachelor,Automotive,74649.17505004801
Data Engineer,12,Master,Healthcare,170641.72670974606
ML Ops Engineer,13,PhD,Media,189383.4294223671
Machine Learning Engineer,6,PhD,Automotive,119095.39121473127
Data Analyst,0,Master,Government,62607.78585560809
AI Research Scientist,5,Bachelor,Finance,121452.372861202
NLP Engineer,0,Master,Healthcare,74382.68008829239
Computer Vision Engineer,4,Associate,Government,101097.86148370737
Data Analyst,0,PhD,Healthcare,63154.97285090298
NLP Engineer,3,Master,Education,79179.16911083179
AI Consultant,2,PhD,Education,78331.96478299942
AI Software Engineer,8,Associate,Government,122711.44308310379
Research Scientist,3,Bachelor,Consulting,88729.8871577822
Machine Learning Researcher,14,PhD,Technology,175963.2535128629
Autonomous Systems Engineer,6,Associate,Government,121274.41571982393
Data Engineer,0,Master,Technology,65158.708351779096
NLP Engineer,2,Associate,Finance,80257.56325225488
Machine Learning Engineer,6,Bachelor,Manufacturing,119856.94314076238
Machine Learning Researcher,3,PhD,Real Estate,100553.71847902109
AI Software Engineer,2,Bachelor,Media,88318.09259114697
Autonomous Systems Engineer,8,Master,Consulting,111457.79038616589
AI Product Manager,3,PhD,Retail,79237.2782024304
AI Architect,5,Bachelor,Transportation,142240.1593779812
AI Software Engineer,0,Associate,Media,64538.14003999084
ML Ops Engineer,10,Bachelor,Education,215823.17373966146
Head of AI,7,Associate,Healthcare,141461.44459783199
Data Analyst,15,PhD,Healthcare,215530.15144125762
Computer Vision Engineer,0,Master,Automotive,56979.55325226121
Autonomous Systems Engineer,0,Associate,Healthcare,63859.27614277671
Deep Learning Engineer,1,Bachelor,Finance,64374.30670909309
Computer Vision Engineer,3,PhD,Healthcare,88279.97821219086
Computer Vision Engineer,3,Bachelor,Energy,79996.25646130093
Robotics Engineer,3,Master,Automotive,79179.16911083179
Data Analyst,1,Master,Education,62934.68627564919
Principal Data Scientist,14,Master,Energy,174565.93470281712
Head of AI,2,PhD,Energy,101062.58973931332
Data Analyst,13,PhD,Automotive,170173.15803330793
AI Specialist,2,Master,Media,101528.46447791337
AI Architect,8,Bachelor,Consulting,123355.25794722122
Deep Learning Engineer,12,Master,Gaming,177434.64089480572
Data Analyst,4,Associate,Technology,99213.97879233431
Data Analyst,7,PhD,Consulting,139266.3734053371
Autonomous Systems Engineer,6,Associate,Finance,111527.33522934365
AI Research Scientist,5,PhD,Retail,108629.86754061618
Research Scientist,18,Associate,Healthcare,167555.737167674
Data Engineer,1,Bachelor,Real Estate,75529.82090469966
Autonomous Systems Engineer,0,PhD,Media,63882.29919646887
NLP Engineer,5,Bachelor,Transportation,121452.372861202
Head of AI,1,PhD,Government,57771.34829402792
Head of AI,18,Associate,Gaming,215983.90307039197
AI Architect,4,PhD,Technology,78068.59027191112
Machine Learning Researcher,2,Associate,Transportation,79225.94520712763
Machine Learning Engineer,10,PhD,Media,169603.98592597223
Deep Learning Engineer,1,PhD,Gaming,56724.096514099314
Data Scientist,8,PhD,Real Estate,112295.86771353733
Machine Learning Engineer,0,Associate,Government,63567.565928979246
AI Consultant,6,Bachelor,Automotive,139201.84668274393
Head of AI,5,Associate,Manufacturing,110526.65924326409
NLP Engineer,5,PhD,Technology,121356.71394198359
Autonomous Systems Engineer,0,Bachelor,Manufacturing,74208.13325511264
AI Software Engineer,0,PhD,Education,57763.92635860347
AI Consultant,15,PhD,Telecommunications,168376.08637994708
Data Analyst,12,Associate,Transportation,216695.80276618432
AI Specialist,0,Master,Retail,63593.597634815305
Head of AI,3,PhD,Gaming,100779.50048439862
AI Product Manager,10,Associate,Consulting,217898.62887194386
Principal Data Scientist,14,PhD,Healthcare,219608.83434104535
NLP Engineer,11,Bachelor,Government,173185.22048435904
Data Scientist,3,Associate,Telecommunications,88584.91857007885
AI Research Scientist,16,PhD,Technology,191030.08003232995
Data Engineer,6,PhD,Gaming,144758.8220943805
AI Specialist,4,Bachelor,Manufacturing,80827.69384882267
AI Specialist,2,Bachelor,Telecommunications,87510.6500966798
AI Software Engineer,3,PhD,Consulting,102042.31751412895
Computer Vision Engineer,4,PhD,Real Estate,79220.40997326121
Robotics Engineer,15,Master,Healthcare,168500.90913375976
Machine Learning Engineer,14,PhD,Automotive,189383.4294223671
Autonomous Systems Engineer,3,Associate,Real Estate,100987.20509586812
AI Product Manager,4,Master,Retail,89994.1768919807
Data Engineer,2,Bachelor,Media,102021.70106520526
Deep Learning Engineer,5,PhD,Real Estate,110617.12122024085
Computer Vision Engineer,3,PhD,Real Estate,79220.40997326121
Research Scientist,4,Master,Automotive,88592.68877985727
Principal Data Scientist,17,Master,Finance,189400.66741715273
AI Product Manager,18,Associate,Consulting,170414.38141256888
Computer Vision Engineer,3,Associate,Manufacturing,80111.53677544562
Data Analyst,11,Associate,Gaming,188067.17230027087
Deep Learning Engineer,17,Master,Energy,221158.08267310477
Research Scientist,10,Associate,Manufacturing,217905.82891388139
Head of AI,0,Bachelor,Healthcare,64130.47206627687
Data Scientist,3,Bachelor,Automotive,88389.15369405718
AI Product Manager,8,PhD,Education,110754.96063081521
Research Scientist,3,Bachelor,Telecommunications,89152.01930021605
Robotics Engineer,2,Bachelor,Consulting,101128.6828432765
Head of AI,9,Bachelor,Real Estate,123356.38815744963
Research Scientist,1,Associate,Technology,64850.42544923856
NLP Engineer,0,Bachelor,Education,57273.84911241526
Head of AI,2,Bachelor,Education,101258.40101936828
Machine Learning Engineer,0,Associate,Transportation,63514.94201888388
Deep Learning Engineer,18,PhD,Telecommunications,193260.66179781657
Machine Learning Researcher,12,Master,Education,189739.87597712228
AI Architect,0,PhD,Education,57599.53735050766
AI Specialist,9,Associate,Gaming,112324.47430678304
AI Software Engineer,13,Associate,Education,186360.17749380966
AI Consultant,12,PhD,Retail,193201.16730425553
Research Scientist,8,PhD,Technology,143017.08288328172
Computer Vision Engineer,4,PhD,Retail,88735.1215391334
AI Software Engineer,13,Master,Telecommunications,211137.63230165472
AI Product Manager,9,Bachelor,Manufacturing,113411.05565355197
AI Specialist,1,Associate,Energy,74498.96715526306
Computer Vision Engineer,3,Master,Government,101194.51057402778
AI Specialist,4,PhD,Finance,78412.6657474082
Machine Learning Engineer,7,Bachelor,Automotive,140590.91065907845
AI Software Engineer,9,Master,Gaming,125068.26739865632
ML Ops Engineer,17,Bachelor,Consulting,169946.84485600342
Robotics Engineer,18,Bachelor,Gaming,187375.9050811082
Data Engineer,9,Bachelor,Retail,125471.77054884988
AI Architect,1,PhD,Technology,63630.111351616666
Robotics Engineer,0,Associate,Transportation,56925.42783645012
NLP Engineer,0,Associate,Gaming,63552.86716215644
Deep Learning Engineer,2,Bachelor,Telecommunications,100825.13925032975
NLP Engineer,14,Bachelor,Telecommunications,213130.6886683139
Research Scientist,11,Master,Transportation,171749.80022142894
Machine Learning Researcher,4,PhD,Government,78297.75840574961
Principal Data Scientist,1,Bachelor,Transportation,74645.69006299299
Autonomous Systems Engineer,4,PhD,Government,78277.00532020695
Research Scientist,1,Bachelor,Automotive,75682.57269198223
Research Scientist,0,PhD,Technology,57345.679356169174
AI Architect,18,Bachelor,Technology,176473.90969909617
AI Software Engineer,0,Master,Technology,76358.36951529552
Data Engineer,11,Associate,Transportation,191061.15995815367
Computer Vision Engineer,0,Associate,Healthcare,64255.4495595379
AI Consultant,8,Bachelor,Telecommunications,120711.28398231401
Deep Learning Engineer,4,Master,Telecommunications,79444.02216836947
Head of AI,13,Master,Telecommunications,170843.24226361036
AI Architect,6,Associate,Technology,110731.83562876549
Robotics Engineer,0,Master,Retail,55689.29658691751
Research Scientist,5,PhD,Healthcare,111278.31533927807
AI Software Engineer,5,PhD,Telecommunications,139967.57586844335
AI Architect,1,Master,Transportation,56971.19942653161
Machine Learning Researcher,1,Master,Manufacturing,74253.34503488745
Head of AI,1,Associate,Manufacturing,64296.83295065706
AI Consultant,6,PhD,Education,138061.5035574427
Data Engineer,0,Associate,Energy,64434.98272299432
Principal Data Scientist,9,Bachelor,Consulting,113809.44897288593
Machine Learning Researcher,5,Associate,Finance,141264.80355658865
Data Analyst,2,Associate,Energy,98707.24171193967
Machine Learning Researcher,2,PhD,Energy,100670.24471120778
AI Research Scientist,15,Master,Gaming,190508.95366409194
Data Scientist,6,PhD,Energy,111017.18394310997
ML Ops Engineer,16,Associate,Manufacturing,218300.8747367761
AI Architect,3,Master,Telecommunications,102009.5107495567
Data Engineer,0,PhD,Media,75768.94484962516
AI Research Scientist,0,PhD,Government,74941.75435844768
Robotics Engineer,2,Master,Real Estate,101089.22578267203
Machine Learning Engineer,8,Bachelor,Healthcare,121784.76863307845
AI Product Manager,11,Bachelor,Education,216839.8001711479
AI Research Scientist,1,Associate,Automotive,75334.41689150079
Principal Data Scientist,0,Bachelor,Telecommunications,65176.24027661376
AI Specialist,18,Bachelor,Finance,169754.13032413553
Research Scientist,3,Associate,Retail,89615.94430546722
Deep Learning Engineer,3,Bachelor,Media,78881.7536025171
NLP Engineer,1,PhD,Manufacturing,64609.86203691516
Robotics Engineer,10,Associate,Telecommunications,170009.0947343982
NLP Engineer,4,PhD,Education,78896.33866974499
Data Engineer,10,Master,Government,170709.90232491336
Data Scientist,5,Associate,Education,140253.15476195922
NLP Engineer,2,Master,Technology,79633.25718671686
Research Scientist,6,PhD,Technology,111503.62688661437
ML Ops Engineer,18,Bachelor,Energy,167970.56688334534
Robotics Engineer,9,Associate,Finance,123356.38815744963
Data Engineer,8,PhD,Education,141326.7374274322
AI Consultant,12,Associate,Education,206845.0066777762
AI Architect,2,Bachelor,Gaming,88349.02554969516
AI Research Scientist,18,Bachelor,Gaming,187375.9050811082
Machine Learning Researcher,2,Master,Gaming,78305.86826892625
Data Analyst,0,Master,Manufacturing,72321.74036718276
Computer Vision Engineer,13,Master,Manufacturing,218541.17440675432
Computer Vision Engineer,7,Bachelor,Transportation,141461.44459783199
Research Scientist,1,PhD,Manufacturing,57484.11994686479
AI Architect,1,PhD,Finance,76365.34129843302
Computer Vision Engineer,2,Master,Telecommunications,79964.82961738635
ML Ops Engineer,3,Bachelor,Automotive,88608.09862371293
Principal Data Scientist,0,Master,Healthcare,74382.68008829239
Autonomous Systems Engineer,1,PhD,Transportation,75094.10794530905
AI Architect,17,Bachelor,Automotive,189058.839909485
Research Scientist,4,PhD,Real Estate,78978.6701432098
Deep Learning Engineer,0,Associate,Media,63724.64161150614
AI Product Manager,6,PhD,Government,110477.59307042128
Data Scientist,9,Master,Gaming,143843.09191996406
AI Research Scientist,10,Associate,Government,189064.14585238276
AI Specialist,1,Associate,Automotive,51531.31078077952
Research Scientist,2,Bachelor,Consulting,79966.44603571462
NLP Engineer,4,Master,Technology,101712.48909525335
Principal Data Scientist,9,Master,Real Estate,122469.22877403769
Robotics Engineer,5,Bachelor,Consulting,111186.0192537155
Data Engineer,9,Bachelor,Energy,114000.70826510568
NLP Engineer,1,Bachelor,Retail,65246.47010289113
NLP Engineer,7,Associate,Gaming,122146.69767410538
Data Engineer,7,Bachelor,Telecommunications,121728.81049938817
Deep Learning Engineer,5,PhD,Energy,120883.45053421415
AI Software Engineer,12,Master,Gaming,194054.22615709674
Principal Data Scientist,0,Associate,Real Estate,57438.94635802857
Principal Data Scientist,9,Associate,Media,123356.38815744963
AI Research Scientist,14,Bachelor,Retail,173974.05510627799
NLP Engineer,10,Associate,Telecommunications,170009.0947343982
Machine Learning Engineer,3,Bachelor,Retail,101592.50812420937
Deep Learning Engineer,10,PhD,Gaming,173181.422939391
AI Consultant,4,PhD,Finance,99856.73463378593
AI Specialist,9,Bachelor,Real Estate,142735.23019700142
Principal Data Scientist,2,Master,Technology,88795.2701455813
AI Specialist,13,Master,Education,186310.45986195243
AI Architect,15,Associate,Gaming,192654.7167374214
AI Research Scientist,7,PhD,Technology,113110.28226079742
Robotics Engineer,8,Master,Energy,141586.55920519616
Machine Learning Engineer,1,PhD,Automotive,63211.59354790283
Robotics Engineer,17,Associate,Healthcare,167832.18899267766
ML Ops Engineer,17,PhD,Retail,221506.86376285576
Autonomous Systems Engineer,2,Associate,Technology,101441.29317175319
Robotics Engineer,7,Master,Manufacturing,111080.86254165502
Machine Learning Researcher,1,Bachelor,Energy,56123.318164889504
AI Architect,2,Associate,Manufacturing,102000.94684633923
Principal Data Scientist,13,PhD,Telecommunications,188138.6580908063
AI Consultant,10,Associate,Telecommunications,184646.28336124006
Computer Vision Engineer,1,PhD,Energy,57673.21077240663
AI Product Manager,1,Associate,Manufacturing,57489.72710692852
Autonomous Systems Engineer,8,Master,Media,111635.37549329539
AI Architect,13,Bachelor,Healthcare,193968.57477546053
Autonomous Systems Engineer,14,Associate,Technology,191249.60113640473
AI Product Manager,4,Master,Real Estate,101889.23254304283
Head of AI,6,Master,Retail,122046.64259300345
AI Specialist,0,Master,Technology,75067.31896340841
AI Research Scientist,13,PhD,Media,190812.18000589297
Autonomous Systems Engineer,0,Associate,Telecommunications,74497.29437756196
Robotics Engineer,5,Associate,Manufacturing,110526.65924326409
Data Scientist,4,Bachelor,Real Estate,100778.36120152232
Principal Data Scientist,0,PhD,Finance,64346.85206221456
AI Software Engineer,2,PhD,Finance,88058.35162860942
AI Software Engineer,1,Master,Finance,75959.97861204372
Data Scientist,15,Bachelor,Real Estate,189039.61082625395
AI Product Manager,17,PhD,Consulting,219354.56790960807
ML Ops Engineer,4,PhD,Retail,88513.49495555196
AI Research Scientist,1,Master,Healthcare,74645.69006299299
Robotics Engineer,2,Master,Technology,79633.25718671686
Deep Learning Engineer,3,Bachelor,Technology,101646.7713574399
Machine Learning Researcher,15,PhD,Technology,222513.79803378345
AI Specialist,6,Master,Automotive,141809.7091580154
NLP Engineer,9,Associate,Energy,142122.5117013808
NLP Engineer,4,Master,Energy,101205.7520148587
AI Consultant,8,PhD,Automotive,136477.70642457224
Principal Data Scientist,18,Master,Consulting,174420.3026291428
Machine Learning Researcher,18,Master,Consulting,186645.05260271853
Data Analyst,17,Bachelor,Education,212568.70475321484
Machine Learning Engineer,13,Bachelor,Transportation,172975.17297858314
Machine Learning Engineer,1,Associate,Media,73740.15398303405
AI Software Engineer,4,PhD,Energy,78843.68966523543
Principal Data Scientist,1,PhD,Energy,57693.482753772616
Principal Data Scientist,3,Associate,Media,78896.34223241702
Data Engineer,17,Master,Finance,212824.33550999046
NLP Engineer,6,PhD,Media,110798.03210056823
Autonomous Systems Engineer,1,PhD,Education,64435.315203735416
Data Engineer,0,Associate,Education,65456.178617115125
AI Specialist,3,PhD,Manufacturing,101675.30823493392
AI Research Scientist,6,Associate,Government,121448.96255300366
Machine Learning Researcher,4,Bachelor,Government,79614.70223233686
Principal Data Scientist,10,PhD,Energy,171444.23018794693
Data Scientist,16,PhD,Manufacturing,186675.32615250308
NLP Engineer,3,Bachelor,Telecommunications,88900.512590055
AI Architect,13,Master,Media,170068.0618295848
AI Specialist,0,Bachelor,Education,62992.38175854637
AI Architect,1,Bachelor,Technology,74283.25155520359
AI Product Manager,11,Master,Education,187753.08069691982
AI Software Engineer,18,Associate,Automotive,185607.4723627639
Computer Vision Engineer,2,Master,Real Estate,88393.6334165814
Autonomous Systems Engineer,11,Master,Energy,216638.29476150096
AI Product Manager,12,Bachelor,Technology,193062.90769918414
ML Ops Engineer,5,Bachelor,Consulting,141093.66117746857
Computer Vision Engineer,1,Master,Energy,56473.13951848572
Computer Vision Engineer,15,Associate,Media,217866.55374519344
AI Architect,19,Associate,Telecommunications,171599.14468536884
Data Analyst,4,Master,Healthcare,98856.53980676965
AI Research Scientist,4,PhD,Telecommunications,100747.69471259782
Data Engineer,3,Bachelor,Healthcare,102311.7070977712
Principal Data Scientist,5,PhD,Media,111691.12508798277
NLP Engineer,16,Bachelor,Telecommunications,171572.82225550435
Machine Learning Researcher,4,Bachelor,Finance,101123.54759391562
Computer Vision Engineer,1,PhD,Manufacturing,57725.85977691621
AI Consultant,4,Bachelor,Gaming,99406.66704725417
Machine Learning Engineer,2,Master,Real Estate,100570.34482559946
Data Analyst,1,Associate,Real Estate,72488.10125156296
Data Analyst,5,Bachelor,Education,119919.57215840142
AI Research Scientist,19,Associate,Education,185701.03756634862
NLP Engineer,14,Bachelor,Finance,190553.41924686581
AI Architect,13,Associate,Transportation,175984.30535369573
Data Engineer,4,Master,Manufacturing,89511.76552521018
AI Consultant,12,Associate,Transportation,186786.68258664734
AI Specialist,4,Master,Healthcare,87218.23613033771
Research Scientist,14,Associate,Technology,221369.61639269008
Data Analyst,1,Bachelor,Finance,56734.94582070699
Data Analyst,3,Bachelor,Telecommunications,79028.01018447285
Data Engineer,2,Bachelor,Government,87871.11985618291
Computer Vision Engineer,1,PhD,Technology,65133.574408917055
Principal Data Scientist,4,Associate,Real Estate,80495.55795747443
Machine Learning Researcher,3,Bachelor,Energy,79110.66489298292
Machine Learning Researcher,18,Bachelor,Real Estate,187661.93016222224
Computer Vision Engineer,4,Bachelor,Real Estate,80039.01062906979
Robotics Engineer,0,Associate,Automotive,75071.40691680019
AI Consultant,1,Bachelor,Consulting,56720.71301472556
ML Ops Engineer,0,PhD,Retail,57424.74658894567
AI Product Manager,4,Bachelor,Healthcare,102058.4077797391
AI Specialist,0,Bachelor,Gaming,62259.65375910164
ML Ops Engineer,1,Associate,Telecommunications,74934.85118544231
Robotics Engineer,8,Bachelor,Finance,113833.32970800648
Data Analyst,1,PhD,Education,56253.270129280914
Deep Learning Engineer,6,Associate,Government,121429.7872211193
Autonomous Systems Engineer,18,PhD,Gaming,170665.9559034754
Head of AI,5,Bachelor,Healthcare,141400.96446068984
Robotics Engineer,6,Associate,Technology,112013.67210248443
Data Scientist,4,Associate,Technology,87944.12658076751
Deep Learning Engineer,1,Associate,Government,64213.767173432185
Machine Learning Researcher,3,Master,Telecommunications,87948.83704159067
ML Ops Engineer,18,PhD,Automotive,169441.46921136172
AI Architect,1,Master,Energy,74874.74167176378
Head of AI,5,Master,Healthcare,121185.4563071853
Robotics Engineer,4,PhD,Consulting,100985.52056773112
Data Engineer,8,Master,Education,112254.86617795572
AI Software Engineer,1,Master,Automotive,76487.86292821902
Data Engineer,9,Master,Technology,124026.18816171939
Head of AI,9,Associate,Transportation,123356.38815744963
AI Consultant,13,Master,Transportation,169975.86940015666
Data Scientist,0,Associate,Gaming,56716.27286970141
Research Scientist,0,Associate,Automotive,64285.329686117504
Data Engineer,18,Master,Energy,188286.1595920127
AI Architect,10,Master,Healthcare,219761.9235713881
Data Engineer,9,PhD,Media,142397.34953563532
Data Engineer,3,Associate,Retail,90535.02105082013
NLP Engineer,5,Master,Telecommunications,120766.56558147034
Deep Learning Engineer,17,Master,Consulting,172831.76273888582
NLP Engineer,1,Bachelor,Retail,65246.47010289113
Autonomous Systems Engineer,6,PhD,Healthcare,120576.7542391333
Head of AI,16,Bachelor,Automotive,189692.87674749235
NLP Engineer,2,Associate,Automotive,79618.29023523317
AI Software Engineer,17,Bachelor,Government,168248.17239060474
Data Analyst,17,Associate,Telecommunications,185773.16642192198
Data Scientist,8,Associate,Education,121658.39322112317
Head of AI,19,PhD,Retail,189510.96631301273
Machine Learning Engineer,13,PhD,Retail,173616.60311535012
Deep Learning Engineer,1,Bachelor,Finance,59637.99958769273
Autonomous Systems Engineer,15,Bachelor,Manufacturing,184101.37761672464
NLP Engineer,8,Bachelor,Energy,123228.74908619512
AI Specialist,7,Associate,Finance,119766.39153139565
Research Scientist,18,Associate,Telecommunications,210876.42942910304
Robotics Engineer,1,Associate,Energy,73938.89766415201
Data Analyst,1,Associate,Finance,63104.95373934548
AI Research Scientist,0,Associate,Retail,55139.282746295896
ML Ops Engineer,2,Associate,Transportation,79618.29023523317
AI Consultant,2,Master,Government,87276.5196914689
Computer Vision Engineer,2,Master,Government,88498.91820793715
ML Ops Engineer,17,Master,Real Estate,215934.1298994075
Data Scientist,8,PhD,Retail,112910.53405816983
ML Ops Engineer,0,Associate,Healthcare,57138.37909982562
Machine Learning Researcher,9,Associate,Consulting,113553.05896860099
Computer Vision Engineer,5,PhD,Media,110813.85736574151
AI Research Scientist,6,Associate,Manufacturing,141461.44459783199
Autonomous Systems Engineer,0,Master,Government,63625.11823373993
Head of AI,17,Associate,Manufacturing,216554.3727288028
Head of AI,5,PhD,Consulting,140950.4989019232
AI Product Manager,10,Associate,Energy,189211.5639000736
Machine Learning Researcher,6,PhD,Real Estate,111241.32471139506
ML Ops Engineer,9,PhD,Real Estate,141411.75560094975
Autonomous Systems Engineer,1,Associate,Telecommunications,57562.68420721018
Machine Learning Researcher,13,Associate,Consulting,174925.04418082116
Head of AI,16,PhD,Telecommunications,213314.90129390254
Machine Learning Engineer,0,Bachelor,Real Estate,56334.020733001715
AI Architect,3,Master,Telecommunications,79693.46581695616
Autonomous Systems Engineer,4,Master,Energy,78295.71789208925
AI Architect,11,Bachelor,Government,222641.91091431788
AI Consultant,0,PhD,Consulting,73359.93091500658
Principal Data Scientist,0,Bachelor,Real Estate,57366.42021165273
Deep Learning Engineer,2,PhD,Healthcare,79081.72902431607
Data Scientist,13,Master,Automotive,219015.68574443285
Robotics Engineer,8,Associate,Healthcare,113407.00795436026
AI Consultant,11,PhD,Government,211723.40686571103
Data Analyst,16,Bachelor,Finance,218389.9861871906
Data Engineer,13,Associate,Education,215245.84959231672
Machine Learning Engineer,1,Associate,Real Estate,63777.95199358448
Data Scientist,0,Bachelor,Healthcare,63911.52713662113
Data Scientist,1,Bachelor,Automotive,64174.53711132173
AI Architect,2,Associate,Real Estate,88733.33227317478
Data Scientist,0,Master,Gaming,56277.151745300056
AI Software Engineer,4,Associate,Finance,80257.56325225488
NLP Engineer,1,PhD,Gaming,64128.906223115155
Data Engineer,9,PhD,Automotive,113133.59703309725
AI Research Scientist,15,Associate,Government,172782.29305294208
AI Software Engineer,5,Associate,Government,110707.14490173393
Data Engineer,5,PhD,Consulting,142003.8049803261
AI Research Scientist,15,Bachelor,Media,171680.30948762698
AI Product Manager,2,Associate,Education,79919.57953101097
AI Specialist,1,Associate,Transportation,75109.11046378361
NLP Engineer,4,PhD,Gaming,100779.50048439862
Machine Learning Researcher,2,PhD,Education,100722.89371571733
Data Scientist,0,PhD,Gaming,63646.951318758816
Deep Learning Engineer,0,PhD,Healthcare,74939.92706597471
ML Ops Engineer,7,Associate,Finance,121512.85299834415
AI Specialist,5,Bachelor,Real Estate,141791.85871510464
AI Research Scientist,13,Master,Retail,173086.89572286606
Data Scientist,1,Bachelor,Automotive,75120.20140067147
AI Research Scientist,1,Master,Gaming,74309.95180356872
AI Architect,3,Master,Telecommunications,88855.47877582058
Machine Learning Researcher,10,PhD,Healthcare,219938.67253433948
Principal Data Scientist,3,Associate,Technology,88965.53760927758
AI Research Scientist,5,Master,Energy,120973.5269027202
AI Architect,11,Master,Technology,222026.34735488344
AI Software Engineer,19,Master,Consulting,166720.78309583635
NLP Engineer,5,Associate,Gaming,141343.08157324593
Machine Learning Researcher,11,Associate,Automotive,220051.87239206233
Data Engineer,18,PhD,Automotive,170895.77988987113
Machine Learning Engineer,1,PhD,Automotive,74655.76220830466
AI Consultant,6,Associate,Automotive,119765.71751647713
Research Scientist,15,Master,Technology,190286.97533802985
Principal Data Scientist,12,Associate,Telecommunications,188772.91268655006
Computer Vision Engineer,2,Bachelor,Consulting,88700.0070312026
Robotics Engineer,4,PhD,Government,78690.10343385515
Head of AI,2,PhD,Gaming,100779.50048439862
Deep Learning Engineer,6,Associate,Gaming,112347.97497937657
Research Scientist,0,Master,Media,55282.50373997135
ML Ops Engineer,1,Associate,Government,74485.15052733208
Principal Data Scientist,17,PhD,Healthcare,172338.61324687526
AI Specialist,9,Associate,Retail,143747.74127660505
Principal Data Scientist,4,PhD,Manufacturing,79773.60639198626
Computer Vision Engineer,17,Bachelor,Education,217214.14833017753
Research Scientist,3,Bachelor,Automotive,79966.44603571462
Research Scientist,15,Associate,Education,163815.42760185263
AI Research Scientist,4,Bachelor,Healthcare,101258.40101936828
AI Research Scientist,2,PhD,Healthcare,88058.35162860942
Autonomous Systems Engineer,5,Associate,Automotive,120440.88091044135
AI Software Engineer,11,Associate,Healthcare,215640.68246004594
Data Scientist,6,PhD,Telecommunications,110650.94222190455
Principal Data Scientist,14,Bachelor,Healthcare,188261.17827641056
Robotics Engineer,2,Master,Education,101258.40101936828
AI Software Engineer,8,Master,Consulting,121580.87086181108
Machine Learning Engineer,3,PhD,Finance,87539.47067153687
Computer Vision Engineer,4,PhD,Healthcare,79602.53647333296
Robotics Engineer,8,Master,Consulting,141331.90492648445
AI Consultant,7,Master,Education,119286.9960315328
Machine Learning Researcher,4,Associate,Retail,101622.39496285596
AI Specialist,8,Bachelor,Government,142755.63008487152
Machine Learning Researcher,1,Master,Telecommunications,57110.3259026386
Data Scientist,3,PhD,Telecommunications,88131.82066529579
AI Consultant,1,Associate,Government,72969.15481464224
Data Analyst,14,Bachelor,Real Estate,171343.14785780667
Computer Vision Engineer,3,Associate,Healthcare,101161.75192904787
Robotics Engineer,9,Master,Automotive,142340.29379532335
Head of AI,10,Associate,Healthcare,216755.7218481616
Autonomous Systems Engineer,9,PhD,Media,111268.25471899801
AI Research Scientist,3,PhD,Healthcare,79109.2899331205
Autonomous Systems Engineer,15,Bachelor,Healthcare,210417.13463555317
Machine Learning Engineer,18,Associate,Finance,216639.98880409403
AI Research Scientist,15,Associate,Gaming,189576.13665302226
Robotics Engineer,19,Bachelor,Energy,217426.12781681033
Autonomous Systems Engineer,2,Associate,Real Estate,100987.20509586812
Data Engineer,2,Associate,Finance,79431.81956969324
Data Scientist,0,Bachelor,Automotive,74857.19142597087
NLP Engineer,0,Associate,Consulting,63904.10479986469
Deep Learning Engineer,3,PhD,Retail,102530.05218643435
Head of AI,8,Associate,Finance,113833.32970800648
AI Software Engineer,4,PhD,Education,78896.33866974499
Machine Learning Engineer,0,Master,Automotive,55967.425754976204
Robotics Engineer,15,PhD,Media,188088.56593141097
NLP Engineer,7,Bachelor,Real Estate,111559.58402659936
ML Ops Engineer,13,PhD,Consulting,171627.5980469549
Head of AI,8,Associate,Government,114039.88731167052
AI Research Scientist,1,Associate,Technology,64598.91873907751
Deep Learning Engineer,11,Associate,Technology,178147.71844000876
Principal Data Scientist,1,Master,Energy,56493.4114998517
Data Scientist,14,Bachelor,Energy,190122.544912745
Research Scientist,17,Master,Energy,215594.92514448956
Principal Data Scientist,4,Associate,Finance,101419.24353170075
Robotics Engineer,3,Master,Gaming,87860.2262558962
Head of AI,5,Associate,Healthcare,110739.6105066396
Data Scientist,4,Master,Healthcare,100947.53643821857
AI Product Manager,1,Associate,Manufacturing,75349.0477330434
AI Consultant,6,Master,Gaming,140803.7044576067
Data Scientist,8,PhD,Government,141121.29090767013
Robotics Engineer,18,Bachelor,Automotive,217425.3647229222
NLP Engineer,7,Bachelor,Consulting,111381.99891946986
Research Scientist,1,Master,Media,63438.381296549436
Data Engineer,7,Associate,Education,122683.43645385811
Machine Learning Researcher,9,Associate,Retail,143630.96439632084
Research Scientist,5,Master,Telecommunications,121018.07229163138
Head of AI,3,Master,Media,78373.54429659974
Data Analyst,6,Bachelor,Education,110580.24091917653
AI Consultant,6,Associate,Consulting,119458.41423325587
Robotics Engineer,16,Bachelor,Transportation,218300.8747367761
Head of AI,19,Associate,Retail,172419.310734661
ML Ops Engineer,2,Master,Retail,102111.38908128193
AI Specialist,8,Associate,Technology,114386.37598107322
Data Scientist,19,Master,Energy,210780.73842902624
Data Scientist,12,Associate,Automotive,190334.4743172101
ML Ops Engineer,0,PhD,Technology,64471.42144621954
NLP Engineer,7,Master,Healthcare,121034.13151339983
Machine Learning Researcher,11,Master,Telecommunications,188526.56776897766
AI Specialist,12,Bachelor,Manufacturing,173731.32852827897
Data Scientist,0,Associate,Energy,56427.80497502534
AI Specialist,14,Master,Healthcare,216809.00292741013
Data Analyst,0,Associate,Telecommunications,63887.71197498177
Computer Vision Engineer,15,PhD,Media,188088.56593141097
Research Scientist,1,Associate,Technology,64850.42544923856
Head of AI,0,PhD,Automotive,65091.82235542858
AI Consultant,1,Bachelor,Automotive,73915.07026913136
AI Product Manager,1,Bachelor,Healthcare,65193.488801348285
NLP Engineer,1,Master,Technology,64428.65127538122
Machine Learning Researcher,6,Associate,Education,141904.73720865883
Data Scientist,0,Bachelor,Energy,63142.10342814504
Autonomous Systems Engineer,18,Bachelor,Gaming,190847.09850190766
NLP Engineer,2,PhD,Manufacturing,78896.33866974499
Autonomous Systems Engineer,9,Master,Transportation,111551.0851600848
Principal Data Scientist,1,Bachelor,Gaming,63912.526227177455
AI Architect,2,Associate,Media,97857.26682115154
AI Research Scientist,7,Bachelor,Finance,141718.93620048487
NLP Engineer,14,Master,Healthcare,216248.9334362991
AI Specialist,18,Bachelor,Consulting,168285.99946434615
AI Architect,1,Bachelor,Finance,64615.36478075973
Research Scientist,3,Associate,Automotive,88762.95624355355
Head of AI,1,Associate,Finance,74806.53257532546
AI Consultant,9,Master,Education,109625.88521559583
Computer Vision Engineer,4,Associate,Automotive,88733.07611697394
Machine Learning Engineer,2,Bachelor,Education,79196.058368481
Computer Vision Engineer,5,PhD,Education,141257.80218514445
Data Engineer,15,Associate,Transportation,216753.08649385194
Principal Data Scientist,14,Bachelor,Technology,221369.61639269008
AI Research Scientist,17,PhD,Manufacturing,221649.4652558057
AI Product Manager,17,Master,Consulting,187133.83255416004
AI Consultant,9,PhD,Manufacturing,137942.34705747588
AI Architect,4,PhD,Education,101954.43366111425
Research Scientist,2,PhD,Government,87747.6247226513
Research Scientist,1,Bachelor,Retail,58389.581673545836
Deep Learning Engineer,1,PhD,Technology,64892.772493451244
AI Specialist,8,Associate,Telecommunications,110492.96926956633
Machine Learning Researcher,9,Associate,Government,122895.78922430743
Machine Learning Engineer,6,Bachelor,Transportation,139805.5347402502
Research Scientist,3,Master,Consulting,88462.9706037655
Research Scientist,10,Bachelor,Transportation,172041.10800487502
AI Product Manager,3,PhD,Gaming,78301.17906168787
AI Software Engineer,0,Bachelor,Energy,57046.97631489477
AI Architect,0,PhD,Retail,65180.15729201688
Machine Learning Researcher,2,Associate,Education,88119.10450528696
Deep Learning Engineer,12,PhD,Finance,193908.81015791907
Autonomous Systems Engineer,16,Associate,Telecommunications,165262.15289635357
NLP Engineer,19,Associate,Education,174422.14819347326
Data Engineer,4,Master,Education,80349.75256634573
Data Scientist,3,PhD,Media,78362.51470256425
ML Ops Engineer,13,Master,Manufacturing,189666.2598634539
AI Architect,16,Bachelor,Finance,175085.6001822436
Principal Data Scientist,0,Master,Telecommunications,74768.49030106212
AI Consultant,13,Master,Real Estate,169975.86940015666
Machine Learning Researcher,9,Master,Energy,122700.59198039942
Principal Data Scientist,10,Associate,Real Estate,188871.88335309393
Principal Data Scientist,0,Master,Healthcare,74382.68008829239
Computer Vision Engineer,12,Bachelor,Government,174883.69070478663
Autonomous Systems Engineer,19,PhD,Technology,229745.79573363962
AI Consultant,3,Associate,Telecommunications,87803.09156684777
AI Software Engineer,1,PhD,Real Estate,64440.686800218915
Principal Data Scientist,0,PhD,Consulting,74875.9266276964
Robotics Engineer,11,PhD,Healthcare,186752.9750781696
Data Engineer,2,Associate,Telecommunications,81081.28765708921
Autonomous Systems Engineer,4,Master,Finance,101341.34578884143
AI Consultant,17,Bachelor,Finance,206522.65515746665
Robotics Engineer,15,Associate,Retail,172239.57599681892
Research Scientist,4,Master,Retail,89445.67684177092
Computer Vision Engineer,7,PhD,Media,110798.03210056823
Data Engineer,4,Associate,Healthcare,102215.05800745077
AI Consultant,14,Bachelor,Automotive,184452.37570170488
Robotics Engineer,17,PhD,Healthcare,184885.55694200128
AI Architect,0,Bachelor,Technology,74176.52074358054
Autonomous Systems Engineer,3,Bachelor,Gaming,87952.59597673317
Principal Data Scientist,1,Associate,Education,74549.04097267258
AI Consultant,1,Associate,Gaming,56143.10811060513
AI Architect,14,Bachelor,Energy,222735.21278426173
Machine Learning Researcher,0,PhD,Transportation,63613.370898728484
Deep Learning Engineer,3,Associate,Healthcare,88492.27420150815
Head of AI,0,Master,Automotive,56486.30671204875
Data Engineer,5,Master,Automotive,112267.27126234226
Data Scientist,7,Bachelor,Finance,112470.65789067237
AI Consultant,3,Associate,Healthcare,87510.67760050567
AI Software Engineer,1,Associate,Media,64006.82691809111
AI Research Scientist,3,Master,Healthcare,88341.18206969622
Research Scientist,3,Master,Media,100570.21682895694
AI Research Scientist,13,Associate,Finance,174855.74944039376
AI Research Scientist,4,Bachelor,Gaming,88127.1428099129
Machine Learning Engineer,7,Associate,Finance,110542.94718603931
Autonomous Systems Engineer,0,Associate,Media,63569.27011021077
Robotics Engineer,0,PhD,Consulting,74875.9266276964
NLP Engineer,16,Bachelor,Telecommunications,171572.82225550435
AI Software Engineer,7,Associate,Real Estate,110894.23906438344
Robotics Engineer,3,Associate,Media,78812.6654210011
Computer Vision Engineer,3,Master,Automotive,79672.41565104426
Head of AI,15,Associate,Media,217866.55374519344
NLP Engineer,18,Master,Government,187993.61016955526
ML Ops Engineer,19,Associate,Retail,219698.1454429615
Principal Data Scientist,8,Master,Real Estate,141639.2082097057
Robotics Engineer,15,PhD,Government,170560.23737186776
Data Scientist,3,Master,Consulting,87992.5189639487
Data Scientist,8,PhD,Telecommunications,121632.85301079077
AI Software Engineer,3,PhD,Finance,79535.61168676672
Research Scientist,9,Associate,Finance,124423.33703068594
Data Scientist,4,PhD,Retail,101259.5174896157
Machine Learning Researcher,4,Bachelor,Media,78516.96948321597
NLP Engineer,17,Master,Automotive,169893.78681858905
ML Ops Engineer,8,PhD,Automotive,122270.68866616148
ML Ops Engineer,9,Associate,Gaming,114070.93577373154
AI Software Engineer,1,PhD,Media,64319.85600434922
ML Ops Engineer,5,Master,Telecommunications,139719.28615980683
Principal Data Scientist,9,Associate,Media,113987.03408001544
Deep Learning Engineer,17,Master,Real Estate,212187.50403275358
AI Architect,18,Associate,Manufacturing,171322.51120839012
Autonomous Systems Engineer,7,Bachelor,Healthcare,141286.89776465227
Data Engineer,2,PhD,Retail,80613.01464022667
Autonomous Systems Engineer,9,Associate,Technology,123635.92940015497
Machine Learning Engineer,7,Bachelor,Education,139805.5347402502
Computer Vision Engineer,12,PhD,Gaming,191520.9867139613
AI Software Engineer,2,Associate,Education,79618.29023523317
AI Specialist,6,Associate,Gaming,110629.07442123248
AI Software Engineer,3,Bachelor,Telecommunications,80007.35329189568
Autonomous Systems Engineer,7,Bachelor,Telecommunications,120383.68021069448
NLP Engineer,0,Master,Retail,64716.543574173826
Machine Learning Engineer,8,Bachelor,Real Estate,140603.5411815192
AI Specialist,3,Bachelor,Finance,78964.34984920007
AI Research Scientist,5,Bachelor,Healthcare,111576.5556242205
Data Engineer,18,PhD,Media,190685.0898068771
Machine Learning Engineer,2,PhD,Technology,78831.5457885575
Principal Data Scientist,0,PhD,Finance,75263.13640644107
Principal Data Scientist,10,Associate,Manufacturing,188871.88335309393
Deep Learning Engineer,3,Master,Telecommunications,100825.13925032975
AI Architect,3,Master,Media,97953.91591147195
Deep Learning Engineer,3,PhD,Healthcare,101049.52100600943
ML Ops Engineer,13,Associate,Consulting,172797.58787145364
Data Analyst,8,Bachelor,Technology,141180.73841218546
Autonomous Systems Engineer,6,PhD,Technology,141386.0186340643
Principal Data Scientist,10,PhD,Real Estate,187701.89352859522
Autonomous Systems Engineer,2,Bachelor,Government,101019.96374084805
Computer Vision Engineer,15,Associate,Manufacturing,189258.55575590968
Data Engineer,3,Bachelor,Telecommunications,90071.09604556898
Head of AI,2,Bachelor,Gaming,100922.66275994401
Robotics Engineer,11,Bachelor,Transportation,190215.20587312354
AI Consultant,6,Master,Government,110062.2330408181
Autonomous Systems Engineer,0,Master,Gaming,55333.829083971315
Autonomous Systems Engineer,16,Associate,Finance,184535.6986083073
Deep Learning Engineer,13,Associate,Gaming,223957.836462885
Data Analyst,14,Master,Automotive,187200.64539348864
Data Scientist,3,Associate,Education,100850.88734789815
Deep Learning Engineer,1,PhD,Real Estate,75033.76180397905
Machine Learning Researcher,2,Associate,Technology,79680.03328301269
AI Architect,8,Associate,Manufacturing,113415.93943076703
Robotics Engineer,11,Associate,Real Estate,190215.20587312354
Data Engineer,5,Associate,Telecommunications,139935.64712062883
AI Architect,5,Master,Gaming,123261.59599361486
Computer Vision Engineer,1,Master,Manufacturing,57242.56322696181
Machine Learning Engineer,6,Associate,Transportation,109903.67416901758
NLP Engineer,4,Master,Automotive,102043.77693819648
Data Engineer,3,PhD,Consulting,102038.82664613404
AI Consultant,4,PhD,Telecommunications,101654.35142023169
NLP Engineer,7,Bachelor,Transportation,141461.44459783199
Computer Vision Engineer,8,PhD,Consulting,111846.48175935652
Deep Learning Engineer,2,Bachelor,Government,79979.48635163798
Computer Vision Engineer,3,Bachelor,Automotive,80208.18586576603
Data Engineer,1,Master,Education,75698.99614139591
Data Engineer,12,Associate,Manufacturing,191399.3733318959
ML Ops Engineer,9,PhD,Telecommunications,139730.0773000667
Machine Learning Engineer,18,Associate,Technology,172864.91315693696
NLP Engineer,5,Master,Finance,111735.96082385002
AI Consultant,11,PhD,Transportation,185278.47938840635
AI Software Engineer,0,PhD,Media,64851.16912624894
Machine Learning Engineer,1,Master,Finance,63607.68452988819
Autonomous Systems Engineer,1,Associate,Consulting,56516.915996873286
Machine Learning Researcher,2,Master,Education,87948.83704159067
Machine Learning Researcher,2,Master,Retail,79639.8121446399
Robotics Engineer,10,Master,Healthcare,187086.1236141233
Machine Learning Engineer,5,Associate,Consulting,119313.7156231237
AI Specialist,0,PhD,Finance,56485.93033966634
Principal Data Scientist,7,Master,Government,120970.24106805933
AI Software Engineer,1,Master,Media,75412.48097682488
AI Consultant,9,PhD,Healthcare,120014.82814152628
Data Scientist,4,PhD,Healthcare,100804.37416267316
AI Architect,3,Bachelor,Retail,102950.58399857329
Robotics Engineer,15,Associate,Education,168913.22387516615
Research Scientist,15,Associate,Telecommunications,170363.61563286214
Autonomous Systems Engineer,4,Bachelor,Government,101019.96374084805
ML Ops Engineer,2,Bachelor,Healthcare,101258.40101936828
Machine Learning Researcher,15,Associate,Consulting,217366.77491651365
NLP Engineer,3,Master,Finance,79818.4421278535
Data Analyst,1,PhD,Consulting,56253.270129280914
Computer Vision Engineer,16,Associate,Healthcare,165614.8734568414
Machine Learning Engineer,7,Bachelor,Finance,140063.02634290312
AI Software Engineer,0,Bachelor,Automotive,77019.17605011875
Data Analyst,15,Bachelor,Government,186014.31683301332
Machine Learning Researcher,15,Associate,Finance,172600.79458769882
Data Analyst,1,Bachelor,Automotive,73370.12626071158
Machine Learning Researcher,8,Associate,Energy,113425.4198973465
Deep Learning Engineer,3,Associate,Government,88428.38375616765
AI Product Manager,18,Bachelor,Retail,190623.17599232134
AI Architect,3,Master,Manufacturing,102097.59593665964
AI Software Engineer,0,Master,Finance,57919.90282567078
Principal Data Scientist,3,Associate,Media,100078.15498565658
NLP Engineer,10,PhD,Healthcare,219495.37992351264
Machine Learning Engineer,7,Bachelor,Manufacturing,119856.94314076238
ML Ops Engineer,4,PhD,Automotive,88058.35162860942
Deep Learning Engineer,19,Master,Finance,222006.97461573544
Principal Data Scientist,14,Master,Finance,218541.17440675432
Data Analyst,1,Associate,Education,72488.10125156296
Data Scientist,1,Master,Government,74270.93503650278
Robotics Engineer,6,Master,Manufacturing,111080.86254165502
Robotics Engineer,3,Associate,Government,80464.12085591894
AI Software Engineer,6,Associate,Healthcare,141852.8965820139
AI Software Engineer,9,Bachelor,Healthcare,141794.97160132282
Machine Learning Engineer,5,PhD,Technology,140055.98040344776
Data Analyst,16,Master,Energy,171694.54398283246
Machine Learning Researcher,16,PhD,Government,186218.12975808093
Machine Learning Engineer,8,PhD,Automotive,110368.15700890427
AI Software Engineer,0,PhD,Telecommunications,76489.22081556128
AI Software Engineer,15,Bachelor,Consulting,169078.20592845112
ML Ops Engineer,8,Bachelor,Real Estate,113194.05669098475
Principal Data Scientist,14,Bachelor,Government,194583.07003338175
Machine Learning Engineer,3,Bachelor,Media,78390.43355424894
Research Scientist,2,Bachelor,Energy,101457.25872501975
AI Consultant,3,Associate,Transportation,79053.91634848759
AI Software Engineer,13,Associate,Media,217252.8684701307
Deep Learning Engineer,3,Associate,Media,78785.10451219667
AI Consultant,1,Associate,Energy,62526.637309294136
ML Ops Engineer,3,Master,Energy,86111.80684002217
Head of AI,4,PhD,Media,78090.71385551293
Data Scientist,0,Associate,Telecommunications,58242.99689383831
Machine Learning Researcher,8,Master,Technology,113204.27799428473
Head of AI,2,Bachelor,Manufacturing,88608.09862371293
Data Engineer,5,PhD,Energy,142258.4592590378
Research Scientist,0,Associate,Real Estate,74537.53770813302
Data Scientist,14,Bachelor,Consulting,173069.38871850492
AI Specialist,0,PhD,Energy,55794.00831813507
AI Research Scientist,4,Bachelor,Retail,77928.79423539937
Robotics Engineer,3,Master,Finance,79818.4421278535
AI Specialist,4,PhD,Energy,101622.65923042435
Data Scientist,8,Bachelor,Finance,121980.95020225918
NLP Engineer,12,Associate,Telecommunications,171194.66641826736
Autonomous Systems Engineer,0,Associate,Transportation,56253.90602217268
NLP Engineer,3,PhD,Automotive,88058.35162860942
Data Scientist,5,Master,Energy,120754.58197306447
AI Consultant,18,Bachelor,Automotive,181930.94726964933
